Trial,time,PositionX,PositionY,PositionZ,frameDiff
test1,0.02,-7.967178,-0.2223399,10
test1,0.04,-7.824246,-0.2276337,10
test1,0.06,-7.660138,-0.2276337,10
test1,0.08,-7.379566,-0.2223399,10
test1,0.09999999,-7.083113,-0.1852831,10
test1,0.12,-6.89783,-0.1535204,10
test1,0.14,-6.611964,-0.08470088,10
test1,0.16,-6.447856,-0.03176272,10
test1,0.18,-6.204341,0.07411301,10
test1,0.2,-6.029645,0.1588142,10
test1,0.22,-5.802011,0.3176284,10
test1,0.24,-5.690842,0.4129171,10
test1,0.26,-5.537322,0.5717313,10
test1,0.28,-5.457915,0.6723136,10
test1,0.3,-5.399683,0.7728958,10
test1,0.32,-5.320275,0.9370035,10
test1,0.34,-5.288512,1.090524,10
test1,0.36,-5.288512,1.191106,10
test1,0.38,-5.293806,1.334039,10
test1,0.4,-5.314982,1.413446,10
test1,0.42,-5.362626,1.535204,10
test1,0.4400001,-5.41027,1.604024,10
test1,0.4600001,-5.489677,1.694018,10
test1,0.4800001,-5.553203,1.746956,10
test1,0.5000001,-5.664372,1.815776,10
test1,0.52,-5.738486,1.852832,10
test1,0.54,-5.860244,1.884595,10
test1,0.56,-5.934357,1.895183,10
test1,0.58,-6.00847,1.900476,10
test1,0.6,-6.109053,1.895183,10
test1,0.6199999,-6.204341,1.874008,10
test1,0.6399999,-6.267867,1.847538,10
test1,0.6599999,-6.363155,1.805188,10
test1,0.6799999,-6.426681,1.768131,10
test1,0.6999999,-6.516675,1.699312,10
test1,0.7199998,-6.574908,1.64108,10
test1,0.7399998,-6.649021,1.561673,10
test1,0.7599998,-6.696665,1.503441,10
test1,0.7799998,-6.76019,1.402858,10
test1,0.7999998,-6.791954,1.334039,10
test1,0.8199998,-6.818423,1.265219,10
test1,0.8399997,-6.839598,1.15405,10
test1,0.8599997,-6.844892,1.04288,10
test1,0.8799997,-6.844892,0.9687668,10
test1,0.8999997,-6.823717,0.8946532,10
test1,0.9199997,-6.765484,0.7728958,10
test1,0.9399996,-6.686077,0.661726,10
test1,0.9599996,-6.622552,0.5823189,10
test1,0.9799996,-6.506088,0.4605609,10
test1,0.9999996,-6.421387,0.3864479,10
test1,1.02,-6.267867,0.2435154,10
test1,1.04,-6.161991,0.1535201,10
test1,1.06,-6.003176,0.01058757,10
test1,1.08,-5.902594,-0.08470088,10
test1,1.1,-5.74378,-0.2329275,10
test1,1.12,-5.643198,-0.3388035,10
test1,1.14,-5.484383,-0.4923239,10
test1,1.159999,-5.378508,-0.5982,10
test1,1.179999,-5.240869,-0.7570142,10
test1,1.199999,-5.161461,-0.8628905,10
test1,1.219999,-5.071466,-1.000529,10
test1,1.239999,-5.013235,-1.101111,10
test1,1.259999,-4.96559,-1.201694,10
test1,1.279999,-4.89677,-1.355214,10
test1,1.299999,-4.859714,-1.508734,10
test1,1.319999,-4.849126,-1.598729,10
test1,1.339999,-4.843833,-1.720487,10
test1,1.359999,-4.865008,-1.7946,10
test1,1.379999,-4.92324,-1.900476,10
test1,1.399999,-4.981472,-1.958708,10
test1,1.419999,-5.060879,-2.01694,10
test1,1.439999,-5.203812,-2.075172,10
test1,1.459999,-5.383801,-2.101641,10
test1,1.479999,-5.516146,-2.101641,10
test1,1.499999,-5.717311,-2.096347,10
test1,1.519999,-5.865537,-2.059291,10
test1,1.539999,-6.071995,-1.979884,10
test1,1.559999,-6.183166,-1.926945,10
test1,1.579999,-6.331393,-1.826363,10
test1,1.599999,-6.431975,-1.731074,10
test1,1.619999,-6.53785,-1.577554,10
test1,1.639999,-6.590789,-1.476972,10
test1,1.659999,-6.638433,-1.365802,10
test1,1.679999,-6.67549,-1.201694,10
test1,1.699999,-6.67549,-1.04288,10
test1,1.719999,-6.670196,-0.9370035,10
test1,1.739999,-6.60667,-0.7728958,10
test1,1.759999,-6.553732,-0.6723133,10
test1,1.779999,-6.458443,-0.5399683,10
test1,1.799999,-6.384331,-0.4711488,10
test1,1.819999,-6.257279,-0.3758603,10
test1,1.839999,-6.161991,-0.328216,10
test1,1.859999,-6.00847,-0.2805719,10
test1,1.879999,-5.902594,-0.2646902,10
test1,1.899999,-5.733192,-0.2593964,10
test1,1.919999,-5.611434,-0.2752778,10
test1,1.939999,-5.426151,-0.328216,10
test1,1.959999,-5.309687,-0.3758603,10
test1,1.979999,-5.150873,-0.4552674,10
test1,1.999999,-5.050291,-0.5187929,10
test1,2.019999,-4.902064,-0.629963,10
test1,2.039999,-4.801482,-0.7146639,10
test1,2.059999,-4.669137,-0.8575967,10
test1,2.079999,-4.595024,-0.9581786,10
test1,2.099999,-4.499735,-1.122287,10
test1,2.119999,-4.446797,-1.233457,10
test1,2.139999,-4.372684,-1.413446,10
test1,2.159999,-4.330334,-1.540497,10
test1,2.179999,-4.287983,-1.736368,10
test1,2.199999,-4.266808,-1.868713,10
test1,2.219999,-4.25622,-2.053997,10
test1,2.239999,-4.25622,-2.186342,10
test1,2.259999,-4.25622,-2.318687,10
test1,2.279999,-4.266808,-2.514558,10
test1,2.299999,-4.293277,-2.694547,10
test1,2.319999,-4.32504,-2.821599,10
test1,2.339998,-4.377978,-2.996294,10
test1,2.359998,-4.425622,-3.102171,10
test1,2.379998,-4.505029,-3.260985,10
test1,2.399998,-4.563261,-3.36686,10
test1,2.419998,-4.674431,-3.499206,10
test1,2.439998,-4.748545,-3.573319,10
test1,2.459998,-4.886183,-3.668607,10
test1,2.479998,-4.976178,-3.710958,10
test1,2.499998,-5.124404,-3.737428,10
test1,2.519998,-5.23028,-3.737428,10
test1,2.539998,-5.394389,-3.716252,10
test1,2.559998,-5.500265,-3.689783,10
test1,2.579998,-5.664372,-3.631551,10
test1,2.599998,-5.770249,-3.578613,10
test1,2.619998,-5.929063,-3.499206,10
test1,2.639998,-6.034939,-3.440974,10
test1,2.659998,-6.199047,-3.340392,10
test1,2.679998,-6.326099,-3.25569,10
test1,2.699998,-6.484913,-3.128639,10
test1,2.719998,-6.590789,-3.028057,10
test1,2.739998,-6.723135,-2.869243,10
test1,2.759998,-6.781366,-2.763367,10
test1,2.779998,-6.855479,-2.599259,10
test1,2.799998,-6.876654,-2.482795,10
test1,2.819998,-6.876654,-2.308099,10
test1,2.839998,-6.855479,-2.186342,10
test1,2.859998,-6.78666,-2.022233,10
test1,2.879998,-6.733722,-1.911064,10
test1,2.899998,-6.627846,-1.746956,10
test1,2.919998,-6.548439,-1.641079,10
test1,2.939998,-6.394918,-1.482265,10
test1,2.959998,-6.283748,-1.386977,10
test1,2.979998,-6.103759,-1.259926,10
test1,2.999998,-5.982001,-1.185813,10
test1,3.019998,-5.791424,-1.08523,10
test1,3.039998,-5.648491,-1.016411,10
test1,3.059998,-5.436738,-0.9211224,10
test1,3.079998,-5.283219,-0.8681843,10
test1,3.099998,-5.060879,-0.767602,10
test1,3.119998,-4.917946,-0.7040763,10
test1,3.139998,-4.716782,-0.6087878,10
test1,3.159998,-4.595024,-0.5505559,10
test1,3.179998,-4.40974,-0.4446799,10
test1,3.199998,-4.303864,-0.3652728,10
test1,3.219998,-4.166226,-0.2488089,10
test1,3.239998,-4.092112,-0.1694018,10
test1,3.259998,-4.012705,-0.05293816,10
test1,3.279998,-3.980942,0.02117515,10
test1,3.299998,-3.965061,0.1482266,10
test1,3.319998,-3.975648,0.2276337,10
test1,3.339998,-4.023293,0.3546852,10
test1,3.359998,-4.076231,0.4393858,10
test1,3.379997,-4.1874,0.5770248,10
test1,3.399997,-4.28269,0.6670195,10
test1,3.419997,-4.441504,0.794071,10
test1,3.439997,-4.579142,0.8946532,10
test1,3.459997,-4.81207,1.053467,10
test1,3.479997,-4.970884,1.159344,10
test1,3.499997,-5.209105,1.318158,10
test1,3.519997,-5.367919,1.424034,10
test1,3.539997,-5.526734,1.540498,10
test1,3.559997,-5.738486,1.704606,10
test1,3.579997,-5.939651,1.879301,10
test1,3.599997,-6.061408,1.995765,10
test1,3.619997,-6.220222,2.186342,10
test1,3.639997,-6.326099,2.334569,10
test1,3.659997,-6.45315,2.551615,10
test1,3.679997,-6.506088,2.694547,10
test1,3.699997,-6.559026,2.922181,10
test1,3.719997,-6.559026,3.054526,10
test1,3.739997,-6.548439,3.250397,10
test1,3.759997,-6.516675,3.356273,10
test1,3.779997,-6.437268,3.520383,10
test1,3.799997,-6.384331,3.620964,10
test1,3.819997,-6.289042,3.763897,10
test1,3.839997,-6.214928,3.843304,10
test1,3.859997,-6.087877,3.938593,10
test1,3.879997,-5.987295,3.996825,10
test1,3.899997,-5.839068,4.055056,10
test1,3.919997,-5.727898,4.081525,10
test1,3.939997,-5.56379,4.097407,10
test1,3.959997,-5.442033,4.097407,10
test1,3.979997,-5.25675,4.081525,10
test1,3.999997,-5.124404,4.044469,10
test1,4.019997,-4.907359,3.970356,10
test1,4.039997,-4.780307,3.917418,10
test1,4.059997,-4.58973,3.827423,10
test1,4.079997,-4.430916,3.72684,10
test1,4.099997,-4.203282,3.57332,10
test1,4.119997,-4.055056,3.46215,10
test1,4.139997,-3.859185,3.298041,10
test1,4.159997,-3.732133,3.181577,10
test1,4.179997,-3.530969,2.980413,10
test1,4.199997,-3.39333,2.826893,10
test1,4.219997,-3.223928,2.609847,10
test1,4.239997,-3.118052,2.445738,10
test1,4.259997,-2.985707,2.191636,10
test1,4.279997,-2.911593,2.022234,10
test1,4.299997,-2.832186,1.778719,10
test1,4.319997,-2.779248,1.598729,10
test1,4.339997,-2.72631,1.334039,10
test1,4.359997,-2.705135,1.169931,10
test1,4.379997,-2.68396,0.9158283,10
test1,4.399997,-2.678666,0.735839,10
test1,4.419997,-2.678666,0.5664372,10
test1,4.439997,-2.678666,0.3123343,10
test1,4.459997,-2.694548,0.05823195,10
test1,4.479997,-2.705135,-0.1111698,10
test1,4.499997,-2.731604,-0.3546849,10
test1,4.519997,-2.752779,-0.5134991,10
test1,4.539997,-2.779248,-0.7570142,10
test1,4.559997,-2.79513,-0.9105346,10
test1,4.579997,-2.821599,-1.143462,10
test1,4.599997,-2.842774,-1.302276,10
test1,4.619997,-2.874537,-1.508734,10
test1,4.639997,-2.890419,-1.635786,10
test1,4.659997,-2.901006,-1.805188,10
test1,4.679996,-2.901006,-1.90577,10
test1,4.699996,-2.879831,-2.027528,10
test1,4.719996,-2.848068,-2.101641,10
test1,4.739996,-2.779248,-2.186342,10
test1,4.759996,-2.72631,-2.233986,10
test1,4.779996,-2.657491,-2.281631,10
test1,4.799996,-2.546321,-2.339862,10
test1,4.819996,-2.424563,-2.387506,10
test1,4.839996,-2.329275,-2.413975,10
test1,4.859996,-2.196929,-2.451032,10
test1,4.879996,-2.101641,-2.472208,10
test1,4.899996,-1.94812,-2.493382,10
test1,4.919996,-1.842244,-2.498676,10
test1,4.939996,-1.68343,-2.498676,10
test1,4.959996,-1.572261,-2.498676,10
test1,4.979996,-1.41874,-2.498676,10
test1,4.999996,-1.323451,-2.498676,10
test1,5.019996,-1.191106,-2.498676,10
test1,5.039996,-1.111699,-2.488089,10
test1,5.059996,-0.9899418,-2.472208,10
test1,5.079996,-0.9158279,-2.456326,10
test1,5.099996,-0.8046578,-2.43515,10
test1,5.119996,-0.730545,-2.413975,10
test1,5.139996,-0.6087875,-2.376919,10
test1,5.159996,-0.5346736,-2.355743,10
test1,5.179996,-0.4076223,-2.313393,10
test1,5.199996,-0.3123341,-2.281631,10
test1,5.219996,-0.1641079,-2.233986,10
test1,5.239996,-0.06352592,-2.207517,10
test1,5.259996,0.1005832,-2.154579,10
test1,5.279996,0.2064589,-2.122817,10
test1,5.299996,0.3758606,-2.080466,10
test1,5.319996,0.4976187,-2.043409,10
test1,5.339996,0.629963,-2.011646,10
test1,5.359996,0.8258333,-1.97459,10
test1,5.379996,1.053467,-1.948121,10
test1,5.399996,1.217575,-1.948121,10
test1,5.419996,1.466384,-1.948121,10
test1,5.439996,1.630493,-1.948121,10
test1,5.459996,1.863419,-1.97459,10
test1,5.479996,2.011646,-2.01694,10
test1,5.499996,2.133404,-2.069878,10
test1,5.519996,2.276337,-2.154579,10
test1,5.539996,2.371625,-2.255161,10
test1,5.559996,2.413975,-2.334568,10
test1,5.579996,2.440445,-2.472208,10
test1,5.599996,2.435151,-2.572789,10
test1,5.619996,2.371625,-2.72631,10
test1,5.639996,2.3081,-2.826892,10
test1,5.659996,2.175754,-2.975119,10
test1,5.679996,2.064584,-3.05982,10
test1,5.699996,1.868714,-3.160402,10
test1,5.719995,1.699311,-3.218634,10
test1,5.739995,1.434621,-3.250397,10
test1,5.759995,1.249339,-3.250397,10
test1,5.779995,0.9740601,-3.213341,10
test1,5.799995,0.8046584,-3.160402,10
test1,5.819995,0.5664371,-3.038645,10
test1,5.839995,0.4235041,-2.932768,10
test1,5.859995,0.2646899,-2.763367,10
test1,5.879995,0.1641091,-2.620434,10
test1,5.899995,0.05823219,-2.398094,10
test1,5.919995,0.01588118,-2.233986,10
test1,5.939995,-0.005293726,-1.990471,10
test1,5.959995,0.005294937,-1.826363,10
test1,5.979995,0.05293847,-1.582848,10
test1,5.999995,0.1111694,-1.424034,10
test1,6.019995,0.2435162,-1.185813,10
test1,6.039995,0.3546857,-1.037586,10
test1,6.059995,0.5611446,-0.8311275,10
test1,6.079995,0.7146639,-0.7093701,10
test1,6.099995,0.9687663,-0.5505559,10
test1,6.119995,1.175225,-0.4446799,10
test1,6.139995,1.492854,-0.3123346,10
test1,6.159995,1.688724,-0.2541026,10
test1,6.179995,2.001059,-0.1799893,10
test1,6.199995,2.244574,-0.1270515,10
test1,6.219995,2.599259,-0.05823195,10
test1,6.239995,2.821599,-0.03705651,10
test1,6.259995,3.149815,-0.02117515,10
test1,6.279995,3.388036,-0.02117515,10
test1,6.299995,3.721546,-0.02117515,10
test1,6.319995,3.938592,-0.03176272,10
test1,6.339995,4.272102,-0.06881952,10
test1,6.359995,4.483853,-0.1111698,10
test1,6.379995,4.76972,-0.1905769,10
test1,6.399995,4.939121,-0.2488089,10
test1,6.419995,5.182636,-0.3705665,10
test1,6.439995,5.34145,-0.465855,10
test1,6.459995,5.553203,-0.6246692,10
test1,6.479995,5.680255,-0.735839,10
test1,6.499995,5.839069,-0.9052408,10
test1,6.519995,5.944945,-1.048173,10
test1,6.539995,6.061408,-1.275807,10
test1,6.559995,6.11964,-1.429327,10
test1,6.579995,6.183166,-1.678137,10
test1,6.599995,6.199047,-1.842244,10
test1,6.619995,6.193753,-2.080466,10
test1,6.639995,6.161991,-2.233986,10
test1,6.659995,6.087878,-2.429857,10
test1,6.679995,6.029645,-2.535733,10
test1,6.699995,5.870831,-2.699841,10
test1,6.719995,5.738486,-2.789836,10
test1,6.739995,5.521441,-2.911594,10
test1,6.759995,5.362627,-2.964531,10
test1,6.779994,5.108523,-3.001588,10
test1,6.799994,4.933827,-3.001588,10
test1,6.819994,4.679725,-2.964531,10
test1,6.839994,4.520911,-2.906299,10
test1,6.859994,4.319746,-2.784542,10
test1,6.879994,4.21387,-2.683959,10
test1,6.899994,4.070937,-2.493382,10
test1,6.919994,4.007411,-2.361038,10
test1,6.939994,3.933299,-2.12811,10
test1,6.959994,3.912122,-1.964002,10
test1,6.979994,3.906829,-1.805188,10
test1,6.999994,3.912122,-1.566967,10
test1,7.019994,3.954474,-1.318157,10
test1,7.039994,4.007411,-1.159343,10
test1,7.059994,4.1027,-0.9370035,10
test1,7.079994,4.192695,-0.794071,10
test1,7.099994,4.340922,-0.6087878,10
test1,7.119994,4.452091,-0.4976177,10
test1,7.139994,4.653256,-0.3440973,10
test1,7.159994,4.796188,-0.2593964,10
test1,7.179994,4.99206,-0.1694018,10
test1,7.199994,5.150874,-0.1164636,10
test1,7.219994,5.383801,-0.06881952,10
test1,7.239994,5.542615,-0.06352574,10
test1,7.259994,5.780837,-0.07411331,10
test1,7.279994,5.944945,-0.105876,10
test1,7.299994,6.177872,-0.1799893,10
test1,7.319994,6.326099,-0.2488089,10
test1,7.339994,6.537852,-0.3758603,10
test1,7.359994,6.659609,-0.4764426,10
test1,7.379994,6.823718,-0.6352568,10
test1,7.399994,6.924298,-0.7517204,10
test1,7.419994,7.051351,-0.9581786,10
test1,7.439994,7.125465,-1.106405,10
test1,7.459994,7.204872,-1.344627,10
test1,7.479994,7.241927,-1.503441,10
test1,7.499994,7.284279,-1.741662,10
test1,7.519994,7.294866,-1.895182,10
test1,7.539994,7.294866,-2.12811,10
test1,7.559994,7.273691,-2.292218,10
test1,7.579994,7.199577,-2.525146,10
test1,7.599994,7.130757,-2.668078,10
test1,7.619994,6.998413,-2.879831,10
test1,7.639994,6.89783,-3.012176,10
test1,7.659994,6.733722,-3.181578,10
test1,7.679994,6.596083,-3.287453,10
test1,7.699994,6.357862,-3.419799,10
test1,7.719994,6.193753,-3.478031,10
test1,7.739994,5.934357,-3.546851,10
test1,7.759994,5.759662,-3.562732,10
test1,7.779994,5.468502,-3.578613,10
test1,7.799994,5.25675,-3.578613,10
test1,7.819993,4.917946,-3.536263,10
test1,7.839993,4.690312,-3.493912,10
test1,7.859993,4.340922,-3.409211,10
test1,7.879993,4.118582,-3.345685,10
test1,7.899993,3.76919,-3.234516,10
test1,7.919993,3.520381,-3.144521,10
test1,7.939993,3.139228,-2.991001,10
test1,7.959993,2.9063,-2.890418,10
test1,7.979993,2.583378,-2.715722,10
test1,7.999993,2.376919,-2.583377,10
test1,8.019994,2.207518,-2.46162,10
test1,8.039994,1.969296,-2.244574,10
test1,8.059995,1.778718,-2.032821,10
test1,8.079995,1.672843,-1.879301,10
test1,8.099996,1.524616,-1.635786,10
test1,8.119996,1.445209,-1.503441,10
test1,8.139997,1.349921,-1.312864,10
test1,8.159997,1.275807,-1.1964,10
test1,8.179997,1.148755,-1.021704,10
test1,8.199998,1.053467,-0.9105346,10
test1,8.219998,0.894653,-0.7623082,10
test1,8.239999,0.794071,-0.6829011,10
test1,8.259999,0.6352568,-0.5929062,10
test1,8.28,0.5240873,-0.5399683,10
test1,8.3,0.344097,-0.4711488,10
test1,8.320001,0.2170464,-0.4287982,10
test1,8.340001,0.02646863,-0.3864479,10
test1,8.360002,-0.1005826,-0.3652728,10
test1,8.380002,-0.2805711,-0.3493911,10
test1,8.400002,-0.4076223,-0.3440973,10
test1,8.420003,-0.5929064,-0.3440973,10
test1,8.440003,-0.7252507,-0.3440973,10
test1,8.460004,-0.9264159,-0.3440973,10
test1,8.480004,-1.058761,-0.3440973,10
test1,8.500005,-1.265219,-0.3440973,10
test1,8.520005,-1.402858,-0.3440973,10
test1,8.540006,-1.604023,-0.3440973,10
test1,8.560006,-1.736369,-0.3440973,10
test1,8.580007,-1.942827,-0.3440973,10
test1,8.600007,-2.075172,-0.3388035,10
test1,8.620008,-2.265749,-0.3335097,10
test1,8.640008,-2.387506,-0.3176284,10
test1,8.660008,-2.562203,-0.3070408,10
test1,8.680009,-2.694548,-0.2752778,10
test1,8.700009,-2.885125,-0.2329275,10
test1,8.72001,-3.001589,-0.1905769,10
test1,8.74001,-3.165696,-0.1111698,10
test1,8.760011,-3.260985,-0.05823195,10
test1,8.780011,-3.382742,0.02646923,10
test1,8.800012,-3.451562,0.08999467,10
test1,8.820012,-3.530969,0.195871,10
test1,8.840013,-3.573319,0.2752781,10
test1,8.860013,-3.61567,0.3970355,10
test1,8.880013,-3.631551,0.4817367,10
test1,8.900014,-3.631551,0.6299627,10
test1,8.920014,-3.620963,0.7199574,10
test1,8.940015,-3.578613,0.8734781,10
test1,8.960015,-3.530969,0.9740603,10
test1,8.980016,-3.435681,1.132874,10
test1,9.000016,-3.356274,1.233457,10
test1,9.020017,-3.213341,1.37639,10
test1,9.040017,-3.107464,1.46109,10
test1,9.060018,-2.922181,1.588142,10
test1,9.080018,-2.784542,1.672843,10
test1,9.100019,-2.556908,1.768131,10
test1,9.120019,-2.398094,1.821069,10
test1,9.140019,-2.154579,1.900476,10
test1,9.16002,-1.97459,1.953415,10
test1,9.18002,-1.704606,2.01694,10
test1,9.200021,-1.519322,2.048703,10
test1,9.220021,-1.238751,2.08576,10
test1,9.240022,-1.037586,2.101641,10
test1,9.260022,-0.7252507,2.112229,10
test1,9.280023,-0.5134993,2.112229,10
test1,9.300023,-0.201164,2.112229,10
test1,9.320024,-0.01058685,2.112229,10
test1,9.340024,0.2752786,2.091054,10
test1,9.360024,0.4499739,2.08576,10
test1,9.380025,0.6352568,2.053997,10
test1,9.400025,0.8999467,1.995765,10
test1,9.420026,1.143462,1.921652,10
test1,9.440026,1.302276,1.868713,10
test1,9.460027,1.514029,1.784013,10
test1,9.480027,1.64108,1.731074,10
test1,9.500028,1.826363,1.635786,10
test1,9.520028,1.937533,1.582848,10
test1,9.540029,2.106936,1.492853,10
test1,9.560029,2.212811,1.429328,10
test1,9.580029,2.371625,1.323451,10
test1,9.60003,2.482795,1.244044,10
test1,9.62003,2.636315,1.132874,10
test1,9.640031,2.721016,1.064055,10
test1,9.660031,2.837481,0.9634727,10
test1,9.680032,2.911594,0.9052408,10
test1,9.700032,3.01747,0.8152461,10
test1,9.720033,3.080996,0.7623082,10
test1,9.740033,3.139228,0.7146639,10
test1,9.760034,3.223929,0.6352568,10
test1,9.780034,3.276866,0.5876124,10
test1,9.800035,3.345685,0.5187929,10
test1,9.820035,3.409211,0.4552674,10
test1,9.840035,3.446267,0.4129171,10
test1,9.860036,3.499206,0.3546852,10
test1,9.880036,3.530968,0.3176284,10
test1,9.900037,3.578613,0.2646905,10
test1,9.920037,3.610375,0.2329272,10
test1,9.940038,3.652726,0.1852834,10
test1,9.960038,3.684489,0.1535201,10
test1,9.980039,3.72684,0.1111698,10
test1,10.00004,3.758602,0.08470118,10
test1,10.02004,3.79566,0.04764438,10
test1,10.04004,3.827422,0.02117515,10
test1,10.06004,3.869773,-0.01058757,10
test1,10.08004,3.901535,-0.03176272,10
test1,10.10004,3.943886,-0.06352574,10
test1,10.12004,3.975648,-0.08470088,10
test1,10.14004,4.018,-0.1164636,10
test1,10.16004,4.049762,-0.137639,10
test1,10.18004,4.081524,-0.1588142,10
test1,10.20004,4.139756,-0.1852831,10
test1,10.22004,4.21387,-0.2223399,10
test1,10.24004,4.266809,-0.2382213,10
test1,10.26005,4.340922,-0.2646902,10
test1,10.28005,4.393859,-0.2805719,10
test1,10.30005,4.446797,-0.2964532,10
test1,10.32005,4.526205,-0.3070408,10
test1,10.34005,4.616199,-0.3176284,10
test1,10.36005,4.674431,-0.328216,10
test1,10.38005,4.780307,-0.3335097,10
test1,10.40005,4.843833,-0.3335097,10
test1,10.42005,4.955002,-0.3335097,10
test1,10.44005,5.029116,-0.3176284,10
test1,10.46005,5.161461,-0.2858657,10
test1,10.48005,5.25675,-0.2488089,10
test1,10.50005,5.41027,-0.1694018,10
test1,10.52005,5.516146,-0.1164636,10
test1,10.54005,5.659079,-0.005293787,10
test1,10.56005,5.754367,0.0794071,10
test1,10.58005,5.886713,0.2170461,10
test1,10.60005,5.960826,0.3123343,10
test1,10.62005,6.05082,0.4711485,10
test1,10.64005,6.082584,0.5717313,10
test1,10.66005,6.109054,0.7252514,10
test1,10.68005,6.109054,0.8258337,10
test1,10.70006,6.071995,0.9846479,10
test1,10.72006,6.029645,1.08523,10
test1,10.74006,5.950239,1.238751,10
test1,10.76006,5.8973,1.344627,10
test1,10.78006,5.812599,1.492853,10
test1,10.80006,5.764956,1.593435,10
test1,10.82006,5.685549,1.746956,10
test1,10.84006,5.637904,1.842245,10
test1,10.86006,5.584965,1.990471,10
test1,10.88006,5.558496,2.08576,10
test1,10.90006,5.532028,2.228692,10
test1,10.92006,5.521441,2.323981,10
test1,10.94006,5.521441,2.440445,10
test1,10.96006,5.532028,2.519852,10
test1,10.98006,5.56379,2.61514,10
test1,11.00006,5.590259,2.668078,10
test1,11.02006,5.653785,2.731604,10
test1,11.04006,5.70143,2.763367,10
test1,11.06006,5.78613,2.784542,10
test1,11.08006,5.849657,2.789836,10
test1,11.10006,5.96612,2.773954,10
test1,11.12006,6.045527,2.747486,10
test1,11.14007,6.17258,2.694547,10
test1,11.16007,6.257279,2.646904,10
test1,11.18007,6.389624,2.556908,10
test1,11.20007,6.474327,2.493383,10
test1,11.22007,6.590789,2.387506,10
test1,11.24007,6.659609,2.308099,10
test1,11.26007,6.760192,2.175754,10
test1,11.28007,6.813129,2.080466,10
test1,11.30007,6.892536,1.926945,10
test1,11.32007,6.934887,1.826363,10
test1,11.34007,6.987824,1.678137,10
test1,11.36007,7.014294,1.57226,10
test1,11.38007,7.046058,1.413446,10
test1,11.40007,7.061939,1.302276,10
test1,11.42007,7.067232,1.143462,10
test1,11.44007,7.072525,1.037586,10
test1,11.46007,7.072525,0.8787715,10
test1,11.48007,7.072525,0.7728958,10
test1,11.50007,7.088407,0.6405509,10
test1,11.52007,7.098994,0.5611438,10
test1,11.54007,7.125465,0.4552674,10
test1,11.56007,7.146639,0.3917414,10
test1,11.58008,7.188991,0.3017467,10
test1,11.60008,7.220753,0.2541029,10
test1,11.62008,7.273691,0.1905769,10
test1,11.64008,7.316041,0.1535201,10
test1,11.66008,7.390153,0.1058763,10
test1,11.68008,7.443093,0.08999467,10
test1,11.70008,7.522501,0.06881952,10
test1,11.72008,7.58073,0.06352544,10
test1,11.74008,7.670726,0.05823195,10
test1,11.76008,7.734251,0.05293787,10
test1,11.78008,7.824248,0.05293787,10
test1,11.80008,7.887773,0.05293787,10
test1,11.82008,7.983062,0.05293787,10

test2,0.02,-7.903653,-0.2170461,10
test2,0.04,-7.718369,-0.2276337,10
test2,0.06,-7.564849,-0.2329275,10
test2,0.08,-7.326628,-0.2329275,10
test2,0.09999999,-7.157226,-0.2276337,10
test2,0.12,-6.892536,-0.1905769,10
test2,0.14,-6.723135,-0.1535204,10
test2,0.16,-6.569614,-0.1111698,10
test2,0.18,-6.331393,-0.03176272,10
test2,0.2,-6.114347,0.06881952,10
test2,0.22,-5.992588,0.1270515,10
test2,0.24,-5.839068,0.2488089,10
test2,0.26,-5.754367,0.328216,10
test2,0.28,-5.669667,0.4605609,10
test2,0.3,-5.627316,0.5558497,10
test2,0.32,-5.600847,0.6511384,10
test2,0.34,-5.579671,0.794071,10
test2,0.36,-5.584965,0.93171,10
test2,0.38,-5.606141,1.021705,10
test2,0.4,-5.669667,1.138169,10
test2,0.42,-5.722605,1.201694,10
test2,0.4400001,-5.823186,1.291689,10
test2,0.4600001,-5.907888,1.334039,10
test2,0.4800001,-6.034939,1.381683,10
test2,0.5000001,-6.11964,1.392271,10
test2,0.52,-6.246692,1.381683,10
test2,0.54,-6.331393,1.349921,10
test2,0.56,-6.442562,1.286395,10
test2,0.58,-6.521969,1.222869,10
test2,0.6,-6.611964,1.122287,10
test2,0.6199999,-6.659609,1.037586,10
test2,0.6399999,-6.71784,0.8893597,10
test2,0.6599999,-6.739016,0.7887769,10
test2,0.6799999,-6.744309,0.6458443,10
test2,0.6999999,-6.728428,0.5452621,10
test2,0.7199998,-6.664902,0.3970355,10
test2,0.7399998,-6.60667,0.3017467,10
test2,0.7599998,-6.500794,0.1588142,10
test2,0.7799998,-6.4108,0.06352544,10
test2,0.7999998,-6.257279,-0.09528846,10
test2,0.8199998,-6.156697,-0.1958707,10
test2,0.8399997,-5.982001,-0.3705665,10
test2,0.8599997,-5.870831,-0.4764426,10
test2,0.8799997,-5.717311,-0.6511381,10
test2,0.8999997,-5.63261,-0.767602,10
test2,0.9199997,-5.516146,-0.9422973,10
test2,0.9399996,-5.436738,-1.069348,10
test2,0.9599996,-5.346744,-1.228163,10
test2,0.9799996,-5.293806,-1.334039,10
test2,0.9999996,-5.214399,-1.498147,10
test2,1.02,-5.182636,-1.619904,10
test2,1.04,-5.150873,-1.789306,10
test2,1.06,-5.140286,-1.895182,10
test2,1.08,-5.140286,-2.053997,10
test2,1.1,-5.150873,-2.159873,10
test2,1.12,-5.203812,-2.318687,10
test2,1.14,-5.25675,-2.419269,10
test2,1.159999,-5.346744,-2.551615,10
test2,1.179999,-5.420857,-2.636315,10
test2,1.199999,-5.547909,-2.758073,10
test2,1.219999,-5.648491,-2.832187,10
test2,1.239999,-5.823186,-2.932768,10
test2,1.259999,-5.950239,-2.985706,10
test2,1.279999,-6.167285,-3.012176,10
test2,1.299999,-6.315511,-3.012176,10
test2,1.319999,-6.511382,-2.964531,10
test2,1.339999,-6.627846,-2.911594,10
test2,1.359999,-6.791954,-2.784542,10
test2,1.379999,-6.887242,-2.678666,10
test2,1.399999,-6.993118,-2.50397,10
test2,1.419999,-7.051351,-2.361038,10
test2,1.439999,-7.104288,-2.12811,10
test2,1.459999,-7.114876,-1.985177,10
test2,1.479999,-7.114876,-1.746956,10
test2,1.499999,-7.072525,-1.598729,10
test2,1.519999,-6.987824,-1.392271,10
test2,1.539999,-6.908417,-1.270513,10
test2,1.559999,-6.749603,-1.106405,10
test2,1.579999,-6.617258,-1.011117,10
test2,1.599999,-6.484913,-0.9264162,10
test2,1.619999,-6.267867,-0.8364213,10
test2,1.639999,-6.045527,-0.7834834,10
test2,1.659999,-5.892006,-0.7728958,10
test2,1.679999,-5.680254,-0.7781896,10
test2,1.699999,-5.532027,-0.8205399,10
test2,1.719999,-5.346744,-0.899947,10
test2,1.739999,-5.23028,-0.9634727,10
test2,1.759999,-5.11911,-1.037586,10
test2,1.779999,-4.944415,-1.185813,10
test2,1.799999,-4.790895,-1.344627,10
test2,1.819999,-4.711488,-1.46109,10
test2,1.839999,-4.621493,-1.630492,10
test2,1.859999,-4.563261,-1.773425,10
test2,1.879999,-4.483854,-1.990471,10
test2,1.899999,-4.43621,-2.138698,10
test2,1.919999,-4.399153,-2.355743,10
test2,1.939999,-4.388566,-2.482795,10
test2,1.959999,-4.388566,-2.683959,10
test2,1.979999,-4.388566,-2.805717,10
test2,1.999999,-4.420328,-2.996294,10
test2,2.019999,-4.457385,-3.112758,10
test2,2.039999,-4.526205,-3.271572,10
test2,2.059999,-4.579142,-3.377448,10
test2,2.079999,-4.674431,-3.530969,10
test2,2.099999,-4.737957,-3.61567,10
test2,2.119999,-4.81207,-3.684489,10
test2,2.139999,-4.917946,-3.76919,10
test2,2.159999,-5.029116,-3.822128,10
test2,2.179999,-5.103229,-3.832716,10
test2,2.199999,-5.219694,-3.83801,10
test2,2.219999,-5.2991,-3.827422,10
test2,2.239999,-5.431446,-3.779777,10
test2,2.259999,-5.542615,-3.72684,10
test2,2.279999,-5.70143,-3.647432,10
test2,2.299999,-5.802011,-3.578613,10
test2,2.319999,-5.960826,-3.462149,10
test2,2.339998,-6.061408,-3.372155,10
test2,2.359998,-6.220222,-3.223927,10
test2,2.379998,-6.326099,-3.118052,10
test2,2.399998,-6.447856,-2.959238,10
test2,2.419998,-6.516675,-2.858655,10
test2,2.439998,-6.590789,-2.689253,10
test2,2.459998,-6.633139,-2.562202,10
test2,2.479998,-6.659609,-2.387506,10
test2,2.499998,-6.664902,-2.260455,10
test2,2.519998,-6.664902,-2.122817,10
test2,2.539998,-6.638433,-1.911064,10
test2,2.559998,-6.590789,-1.699311,10
test2,2.579998,-6.553732,-1.556379,10
test2,2.599998,-6.484913,-1.344627,10
test2,2.619998,-6.431975,-1.206988,10
test2,2.639998,-6.357862,-1.005823,10
test2,2.659998,-6.320805,-0.8787718,10
test2,2.679998,-6.257279,-0.6776071,10
test2,2.699998,-6.220222,-0.5558497,10
test2,2.719998,-6.151403,-0.3811541,10
test2,2.739998,-6.114347,-0.2805719,10
test2,2.759998,-6.05082,-0.1217577,10
test2,2.779998,-6.019058,-0.02646893,10
test2,2.799998,-5.96612,0.1005822,10
test2,2.819998,-5.934357,0.1799893,10
test2,2.839998,-5.892006,0.2805716,10
test2,2.859998,-5.865537,0.3493911,10
test2,2.879998,-5.828481,0.4340923,10
test2,2.899998,-5.802011,0.4870301,10
test2,2.919998,-5.770249,0.5611438,10
test2,2.939998,-5.749074,0.6087875,10
test2,2.959998,-5.722605,0.6776071,10
test2,2.979998,-5.706723,0.7199574,10
test2,2.999998,-5.680254,0.7834834,10
test2,3.019998,-5.669667,0.8205402,10
test2,3.039998,-5.648491,0.8734781,10
test2,3.059998,-5.637904,0.9105349,10
test2,3.079998,-5.622023,0.9581786,10
test2,3.099998,-5.611434,0.989942,10
test2,3.119998,-5.600847,1.037586,10
test2,3.139998,-5.595553,1.064055,10
test2,3.159998,-5.59026,1.101112,10
test2,3.179998,-5.59026,1.127581,10
test2,3.199998,-5.59026,1.159344,10
test2,3.219998,-5.59026,1.180519,10
test2,3.239998,-5.59026,1.206988,10
test2,3.259998,-5.59026,1.228163,10
test2,3.279998,-5.59026,1.259926,10
test2,3.299998,-5.595553,1.281101,10
test2,3.319998,-5.611434,1.318158,10
test2,3.339998,-5.622023,1.344627,10
test2,3.359998,-5.653785,1.392271,10
test2,3.379997,-5.680254,1.434621,10
test2,3.399997,-5.733192,1.492853,10
test2,3.419997,-5.764955,1.540498,10
test2,3.439997,-5.823186,1.614611,10
test2,3.459997,-5.865537,1.672843,10
test2,3.479997,-5.939651,1.784013,10
test2,3.499997,-5.987295,1.86342,10
test2,3.519997,-6.056114,1.990471,10
test2,3.539997,-6.103759,2.08576,10
test2,3.559997,-6.151403,2.233986,10
test2,3.579997,-6.183166,2.339863,10
test2,3.599997,-6.209635,2.498677,10
test2,3.619997,-6.220222,2.61514,10
test2,3.639997,-6.220222,2.779248,10
test2,3.659997,-6.209635,2.885125,10
test2,3.679997,-6.172579,3.043939,10
test2,3.699997,-6.135521,3.144522,10
test2,3.719997,-6.066702,3.287454,10
test2,3.739997,-6.00847,3.372155,10
test2,3.759997,-5.902594,3.483325,10
test2,3.779997,-5.823186,3.541557,10
test2,3.799997,-5.685548,3.615671,10
test2,3.819997,-5.595553,3.647434,10
test2,3.839997,-5.447327,3.68449,10
test2,3.859997,-5.346744,3.695078,10
test2,3.879997,-5.198517,3.695078,10
test2,3.899997,-5.103229,3.673902,10
test2,3.919997,-5.007941,3.647434,10
test2,3.939997,-4.85442,3.583908,10
test2,3.959997,-4.748545,3.536264,10
test2,3.979997,-4.579142,3.446269,10
test2,3.999997,-4.40974,3.340392,10
test2,4.019997,-4.28269,3.266279,10
test2,4.039997,-4.086819,3.144522,10
test2,4.059997,-4.002118,3.065114,10
test2,4.079997,-3.853891,2.922181,10
test2,4.099997,-3.748015,2.800424,10
test2,4.119997,-3.620963,2.604553,10
test2,4.139997,-3.568026,2.482795,10
test2,4.159997,-3.478031,2.271043,10
test2,4.179997,-3.425092,2.122817,10
test2,4.199997,-3.377448,1.90577,10
test2,4.219997,-3.361567,1.768131,10
test2,4.239997,-3.340392,1.566967,10
test2,4.259997,-3.335098,1.429328,10
test2,4.279997,-3.340392,1.228163,10
test2,4.299997,-3.345685,1.090524,10
test2,4.319997,-3.366861,0.9158283,10
test2,4.339997,-3.388036,0.7887769,10
test2,4.359997,-3.409211,0.6299627,10
test2,4.379997,-3.430386,0.524087,10
test2,4.399997,-3.456856,0.3546852,10
test2,4.419997,-3.472737,0.2488089,10
test2,4.439997,-3.499206,0.08999467,10
test2,4.459997,-3.515088,-0.01588136,10
test2,4.479997,-3.530969,-0.164108,10
test2,4.499997,-3.541556,-0.2541026,10
test2,4.519997,-3.557438,-0.3758603,10
test2,4.539997,-3.568026,-0.4552674,10
test2,4.559997,-3.578613,-0.571731,10
test2,4.579997,-3.578613,-0.6405506,10
test2,4.599997,-3.583907,-0.7464266,10
test2,4.619997,-3.583907,-0.8205399,10
test2,4.639997,-3.583907,-0.9158283,10
test2,4.659997,-3.583907,-0.9687662,10
test2,4.679996,-3.573319,-1.04288,10
test2,4.699996,-3.568026,-1.090524,10
test2,4.719996,-3.54685,-1.15405,10
test2,4.739996,-3.536263,-1.1964,10
test2,4.759996,-3.515088,-1.249338,10
test2,4.779996,-3.499206,-1.281101,10
test2,4.799996,-3.467443,-1.328745,10
test2,4.819996,-3.451562,-1.355214,10
test2,4.839996,-3.425092,-1.397564,10
test2,4.859996,-3.403918,-1.424034,10
test2,4.879996,-3.361567,-1.46109,10
test2,4.899996,-3.335098,-1.48756,10
test2,4.919996,-3.287454,-1.524616,10
test2,4.939996,-3.250397,-1.551085,10
test2,4.959996,-3.192165,-1.588142,10
test2,4.979996,-3.144521,-1.614611,10
test2,4.999996,-3.065114,-1.651667,10
test2,5.019996,-3.006882,-1.678137,10
test2,5.039996,-2.911593,-1.715193,10
test2,5.059996,-2.83748,-1.741662,10
test2,5.079996,-2.747485,-1.768131,10
test2,5.099996,-2.609847,-1.805188,10
test2,5.119996,-2.456326,-1.831657,10
test2,5.139996,-2.339863,-1.842244,10
test2,5.159996,-2.165167,-1.852832,10
test2,5.179996,-2.038115,-1.863419,10
test2,5.199996,-1.831657,-1.863419,10
test2,5.219996,-1.678136,-1.863419,10
test2,5.239996,-1.445209,-1.863419,10
test2,5.259996,-1.2811,-1.863419,10
test2,5.279996,-1.032292,-1.863419,10
test2,5.299996,-0.8417151,-1.863419,10
test2,5.319996,-0.5664365,-1.863419,10
test2,5.339996,-0.3811543,-1.879301,10
test2,5.359996,-0.1111701,-1.895182,10
test2,5.379996,0.07411337,-1.916358,10
test2,5.399996,0.3282158,-1.958708,10
test2,5.419996,0.4923238,-1.995765,10
test2,5.439996,0.6511379,-2.048703,10
test2,5.459996,0.8523031,-2.12811,10
test2,5.479996,1.021705,-2.207517,10
test2,5.499996,1.127581,-2.265749,10
test2,5.519996,1.259926,-2.376919,10
test2,5.539996,1.328746,-2.456326,10
test2,5.559996,1.392272,-2.551615,10
test2,5.579996,1.450503,-2.689253,10
test2,5.599996,1.476972,-2.848068,10
test2,5.619996,1.476972,-2.94865,10
test2,5.639996,1.439915,-3.096876,10
test2,5.659996,1.392272,-3.197459,10
test2,5.679996,1.275807,-3.345685,10
test2,5.699996,1.175225,-3.425093,10
test2,5.719995,0.9793538,-3.509793,10
test2,5.739995,0.8205396,-3.568025,10
test2,5.759995,0.5717309,-3.610376,10
test2,5.779995,0.3917418,-3.620963,10
test2,5.799995,0.1058757,-3.620963,10
test2,5.819995,-0.08999394,-3.5892,10
test2,5.839995,-0.344097,-3.5045,10
test2,5.859995,-0.5082055,-3.425093,10
test2,5.879995,-0.7411325,-3.25569,10
test2,5.899995,-0.8575969,-3.144521,10
test2,5.919995,-1.032292,-2.953944,10
test2,5.939995,-1.122286,-2.805717,10
test2,5.959995,-1.212282,-2.588671,10
test2,5.979995,-1.238751,-2.424563,10
test2,5.999995,-1.244044,-2.191635,10
test2,6.019995,-1.217575,-2.032821,10
test2,6.039995,-1.127581,-1.810482,10
test2,6.059995,-1.037586,-1.667549,10
test2,6.079995,-0.8787718,-1.466384,10
test2,6.099995,-0.7570137,-1.355214,10
test2,6.119995,-0.5452622,-1.185813,10
test2,6.139995,-0.3811543,-1.074643,10
test2,6.159995,-0.09528827,-0.9211224,10
test2,6.179995,0.1058757,-0.8311275,10
test2,6.199995,0.3758606,-0.7199576,10
test2,6.219995,0.5611446,-0.6617257,10
test2,6.239995,0.8681843,-0.5770248,10
test2,6.259995,1.079937,-0.524087,10
test2,6.279995,1.291688,-0.4711488,10
test2,6.299995,1.582848,-0.4287982,10
test2,6.319995,1.836951,-0.4129168,10
test2,6.339995,2.011646,-0.4129168,10
test2,6.359995,2.255161,-0.4129168,10
test2,6.379995,2.419269,-0.4129168,10
test2,6.399995,2.65749,-0.4287982,10
test2,6.419995,2.800423,-0.4499736,10
test2,6.439995,3.012176,-0.5029115,10
test2,6.459995,3.155109,-0.5399683,10
test2,6.479995,3.361567,-0.603494,10
test2,6.499995,3.499206,-0.6458443,10
test2,6.519995,3.716252,-0.7199576,10
test2,6.539995,3.853892,-0.7623082,10
test2,6.559995,4.065643,-0.8364213,10
test2,6.579995,4.203282,-0.8787718,10
test2,6.599995,4.388565,-0.9422973,10
test2,6.619995,4.510324,-0.9793541,10
test2,6.639995,4.695606,-1.032292,10
test2,6.659995,4.806777,-1.064055,10
test2,6.679995,4.981472,-1.12758,10
test2,6.699995,5.082054,-1.164637,10
test2,6.719995,5.235575,-1.222869,10
test2,6.739995,5.320275,-1.254632,10
test2,6.759995,5.452621,-1.30757,10
test2,6.779994,5.537322,-1.339333,10
test2,6.799994,5.653785,-1.397564,10
test2,6.819994,5.722605,-1.429327,10
test2,6.839994,5.817893,-1.476972,10
test2,6.859994,5.876125,-1.508734,10
test2,6.879994,5.955532,-1.556379,10
test2,6.899994,6.003177,-1.588142,10
test2,6.919994,6.066701,-1.630492,10
test2,6.939994,6.103759,-1.656961,10
test2,6.959994,6.156699,-1.704605,10
test2,6.979994,6.183166,-1.731074,10
test2,6.999994,6.23081,-1.773425,10
test2,7.019994,6.257279,-1.799894,10
test2,7.039994,6.283749,-1.836951,10
test2,7.059994,6.304923,-1.858126,10
test2,7.079994,6.331394,-1.889889,10
test2,7.099994,6.347275,-1.911064,10
test2,7.119994,6.368449,-1.942827,10
test2,7.139994,6.38433,-1.964002,10
test2,7.159994,6.405506,-1.990471,10
test2,7.179994,6.410801,-2.006352,10
test2,7.199994,6.426682,-2.032821,10
test2,7.219994,6.431975,-2.043409,10
test2,7.239994,6.442564,-2.059291,10
test2,7.259994,6.447856,-2.075172,10
test2,7.279994,6.458445,-2.091053,10
test2,7.299994,6.458445,-2.096347,10
test2,7.319994,6.463737,-2.112228,10
test2,7.339994,6.469031,-2.117522,10
test2,7.359994,6.469031,-2.122817,10
test2,7.379994,6.469031,-2.122817,10
test2,7.399994,6.474327,-2.12811,10
test2,7.419994,6.474327,-2.12811,10
test2,7.439994,6.474327,-2.12811,10
test2,7.459994,6.474327,-2.12811,10
test2,7.479994,6.474327,-2.12811,10
test2,7.499994,6.474327,-2.12811,10
test2,7.519994,6.474327,-2.12811,10
test2,7.539994,6.474327,-2.12811,10
test2,7.559994,6.474327,-2.12811,10
test2,7.579994,6.474327,-2.12811,10
test2,7.599994,6.474327,-2.12811,10
test2,7.619994,6.474327,-2.12811,10
test2,7.639994,6.474327,-2.12811,10
test2,7.659994,6.474327,-2.12811,10
test2,7.679994,6.474327,-2.12811,10
test2,7.699994,6.474327,-2.12811,10
test2,7.719994,6.474327,-2.12811,10
test2,7.739994,6.474327,-2.12811,10
test2,7.759994,6.474327,-2.12811,10
test2,7.779994,6.474327,-2.12811,10
test2,7.799994,6.474327,-2.12811,10
test2,7.819993,6.474327,-2.12811,10
test2,7.839993,6.474327,-2.12811,10
test2,7.859993,6.474327,-2.12811,10
test2,7.879993,6.474327,-2.12811,10
test2,7.899993,6.474327,-2.12811,10
test2,7.919993,6.474327,-2.12811,10
test2,7.939993,6.474327,-2.12811,10
test2,7.959993,6.474327,-2.12811,10
test2,7.979993,6.474327,-2.12811,10
test2,7.999993,6.474327,-2.12811,10
test2,8.019994,6.474327,-2.12811,10
test2,8.039994,6.474327,-2.12811,10
test2,8.059995,6.474327,-2.12811,10
test2,8.079995,6.474327,-2.12811,10
test2,8.099996,6.474327,-2.12811,10
test2,8.119996,6.474327,-2.12811,10
test2,8.139997,6.474327,-2.12811,10
test2,8.159997,6.474327,-2.12811,10
test2,8.179997,6.474327,-2.12811,10
test2,8.199998,6.474327,-2.12811,10
test2,8.219998,6.474327,-2.12811,10
test2,8.239999,6.474327,-2.12811,10
test2,8.259999,6.474327,-2.12811,10
test2,8.28,6.474327,-2.12811,10
test2,8.3,6.474327,-2.12811,10
test2,8.320001,6.474327,-2.12811,10
test2,8.340001,6.474327,-2.12811,10
test2,8.360002,6.474327,-2.12811,10
test2,8.380002,6.474327,-2.12811,10
test2,8.400002,6.474327,-2.12811,10
test2,8.420003,6.474327,-2.12811,10
test2,8.440003,6.474327,-2.12811,10
test2,8.460004,6.474327,-2.12811,10
test2,8.480004,6.474327,-2.12811,10
test2,8.500005,6.474327,-2.12811,10
test2,8.520005,6.474327,-2.12811,10
test2,8.540006,6.474327,-2.12811,10
test2,8.560006,6.474327,-2.12811,10
test2,8.580007,6.474327,-2.12811,10
test2,8.600007,6.474327,-2.12811,10
test2,8.620008,6.474327,-2.12811,10
test2,8.640008,6.474327,-2.12811,10
test2,8.660008,6.474327,-2.12811,10
test2,8.680009,6.474327,-2.12811,10
test2,8.700009,6.474327,-2.12811,10
test2,8.72001,6.474327,-2.12811,10
test2,8.74001,6.474327,-2.133404,10
test2,8.760011,6.474327,-2.138698,10
test2,8.780011,6.474327,-2.149285,10
test2,8.800012,6.474327,-2.17046,10
test2,8.820012,6.474327,-2.191635,10
test2,8.840013,6.47962,-2.223398,10
test2,8.860013,6.47962,-2.249868,10
test2,8.880013,6.47962,-2.302805,10
test2,8.900014,6.47962,-2.345156,10
test2,8.920014,6.469031,-2.413975,10
test2,8.940015,6.447856,-2.46162,10
test2,8.960015,6.400212,-2.551615,10
test2,8.980016,6.352568,-2.61514,10
test2,9.000016,6.257279,-2.710429,10
test2,9.020017,6.17258,-2.784542,10
test2,9.040017,6.003177,-2.901006,10
test2,9.060018,5.870831,-2.975119,10
test2,9.080018,5.637904,-3.080995,10
test2,9.100019,5.457915,-3.139227,10
test2,9.120019,5.11911,-3.213341,10
test2,9.140019,4.875595,-3.239809,10
test2,9.16002,4.494442,-3.245103,10
test2,9.18002,4.250927,-3.223927,10
test2,9.200021,3.928004,-3.139227,10
test2,9.220021,3.753308,-3.05982,10
test2,9.240022,3.541557,-2.901006,10
test2,9.260022,3.446267,-2.76866,10
test2,9.280023,3.345685,-2.556908,10
test2,9.300023,3.319217,-2.3928,10
test2,9.320024,3.313923,-2.154579,10
test2,9.340024,3.340392,-1.995765,10
test2,9.360024,3.419799,-1.762837,10
test2,9.380025,3.499206,-1.604023,10
test2,9.400025,3.65802,-1.386977,10
test2,9.420026,3.763896,-1.275807,10
test2,9.440026,3.885654,-1.169931,10
test2,9.460027,4.1027,-1.011117,10
test2,9.480027,4.319746,-0.8946532,10
test2,9.500028,4.462678,-0.8364213,10
test2,9.520028,4.7009,-0.7570142,10
test2,9.540029,4.85442,-0.7146639,10
test2,9.560029,5.082054,-0.6829011,10
test2,9.580029,5.219694,-0.6776071,10
test2,9.60003,5.436738,-0.6776071,10
test2,9.62003,5.56379,-0.6934887,10
test2,9.640031,5.733192,-0.7411328,10
test2,9.660031,5.844363,-0.794071,10
test2,9.680032,5.997883,-0.8734781,10
test2,9.700032,6.087878,-0.93171,10
test2,9.720033,6.214928,-1.04288,10
test2,9.740033,6.289042,-1.12758,10
test2,9.760034,6.38433,-1.259926,10
test2,9.780034,6.442564,-1.34992,10
test2,9.800035,6.521971,-1.508734,10
test2,9.820035,6.569615,-1.609317,10
test2,9.840035,6.622551,-1.773425,10
test2,9.860036,6.649023,-1.879301,10
test2,9.880036,6.664904,-2.048703,10
test2,9.900037,6.664904,-2.159873,10
test2,9.920037,6.664904,-2.318687,10
test2,9.940038,6.659609,-2.424563,10
test2,9.960038,6.633141,-2.578083,10
test2,9.980039,6.601377,-2.673372,10
test2,10.00004,6.537852,-2.811011,10
test2,10.02004,6.47962,-2.890418,10
test2,10.04004,6.373743,-3.006882,10
test2,10.06004,6.289042,-3.080995,10
test2,10.08004,6.146109,-3.181578,10
test2,10.10004,6.040233,-3.234516,10
test2,10.12004,5.865538,-3.30863,10
test2,10.14004,5.722605,-3.361567,10
test2,10.16004,5.510852,-3.403918,10
test2,10.18004,5.357331,-3.425093,10
test2,10.20004,5.11911,-3.451562,10
test2,10.22004,4.944415,-3.451562,10
test2,10.24004,4.690312,-3.451562,10
test2,10.26005,4.499736,-3.451562,10
test2,10.28005,4.219163,-3.435681,10
test2,10.30005,4.023293,-3.414505,10
test2,10.32005,3.732133,-3.36686,10
test2,10.34005,3.536263,-3.324511,10
test2,10.36005,3.23981,-3.250397,10
test2,10.38005,3.054526,-3.197459,10
test2,10.40005,2.768661,-3.118052,10
test2,10.42005,2.562202,-3.05982,10
test2,10.44005,2.382213,-3.006882,10
test2,10.46005,2.085759,-2.911594,10
test2,10.48005,1.799895,-2.821599,10
test2,10.50005,1.609317,-2.76866,10
test2,10.52005,1.296982,-2.683959,10
test2,10.54005,1.106406,-2.625728,10
test2,10.56005,0.8099521,-2.54632,10
test2,10.58005,0.6193756,-2.493382,10
test2,10.60005,0.3335096,-2.424563,10
test2,10.62005,0.1535205,-2.371625,10
test2,10.64005,-0.1217569,-2.313393,10
test2,10.66005,-0.2858654,-2.286924,10
test2,10.68005,-0.5346736,-2.249868,10
test2,10.70006,-0.6934878,-2.223398,10
test2,10.72006,-0.8364208,-2.202224,10
test2,10.74006,-1.032292,-2.17046,10
test2,10.76006,-1.233456,-2.143991,10
test2,10.78006,-1.371096,-2.122817,10
test2,10.80006,-1.566966,-2.101641,10
test2,10.82006,-1.699312,-2.075172,10
test2,10.84006,-1.900476,-2.048703,10
test2,10.86006,-2.027527,-2.032821,10
test2,10.88006,-2.23928,-1.995765,10
test2,10.90006,-2.387506,-1.958708,10
test2,10.92006,-2.604553,-1.889889,10
test2,10.94006,-2.742192,-1.847538,10
test2,10.96006,-2.932769,-1.773425,10
test2,10.98006,-3.049233,-1.720487,10
test2,11.00006,-3.208047,-1.641079,10
test2,11.02006,-3.308629,-1.582848,10
test2,11.04006,-3.446268,-1.476972,10
test2,11.06006,-3.530969,-1.397564,10
test2,11.08006,-3.647433,-1.26522,10
test2,11.10006,-3.705664,-1.175225,10
test2,11.12006,-3.774484,-1.032292,10
test2,11.14007,-3.811541,-0.9211224,10
test2,11.16007,-3.843304,-0.767602,10
test2,11.18007,-3.843304,-0.6564319,10
test2,11.20007,-3.83801,-0.4870301,10
test2,11.22007,-3.811541,-0.3599787,10
test2,11.24007,-3.758603,-0.1799893,10
test2,11.26007,-3.710958,-0.05823195,10
test2,11.28007,-3.626257,0.1217574,10
test2,11.30007,-3.557438,0.2382213,10
test2,11.32007,-3.435681,0.4076231,10
test2,11.34007,-3.356274,0.5082053,10
test2,11.36007,-3.208047,0.6723136,10
test2,11.38007,-3.10217,0.7781893,10
test2,11.40007,-2.943356,0.9370035,10
test2,11.42007,-2.832186,1.026998,10
test2,11.44007,-2.646904,1.148756,10
test2,11.46007,-2.525146,1.217576,10
test2,11.48007,-2.334569,1.302276,10
test2,11.50007,-2.202223,1.355214,10
test2,11.52007,-1.995764,1.41874,10
test2,11.54007,-1.86342,1.450503,10
test2,11.56007,-1.662255,1.48756,10
test2,11.58008,-1.524616,1.503441,10
test2,11.60008,-1.312863,1.503441,10
test2,11.62008,-1.16993,1.503441,10
test2,11.64008,-0.9793538,1.498147,10
test2,11.66008,-0.8364208,1.466385,10
test2,11.68008,-0.6299624,1.434621,10
test2,11.70008,-0.4764426,1.397565,10
test2,11.72008,-0.243515,1.328745,10
test2,11.74008,-0.08999394,1.275807,10
test2,11.76008,0.142933,1.1964,10
test2,11.78008,0.2911597,1.143462,10
test2,11.80008,0.5082049,1.064055,10
test2,11.82008,0.6564329,1.00053,10
test2,11.84008,0.8681843,0.9158283,10
test2,11.86008,1.00053,0.8575964,10
test2,11.88008,1.201694,0.7781893,10
test2,11.90008,1.334039,0.7199574,10
test2,11.92008,1.52991,0.6299627,10
test2,11.94008,1.667549,0.5717313,10
test2,11.96008,1.874008,0.4764426,10
test2,11.98008,2.006352,0.4182106,10
test2,12.00008,2.228692,0.3388035,10
test2,12.02009,2.387506,0.2805716,10
test2,12.04009,2.620434,0.2011645,10
test2,12.06009,2.773955,0.1535201,10
test2,12.08009,3.022763,0.06881952,10
test2,12.10009,3.186871,0.01588166,10
test2,12.12009,3.451561,-0.04764438,10
test2,12.14009,3.631552,-0.08999467,10
test2,12.16009,3.901535,-0.1482266,10
test2,12.18009,4.081524,-0.1746956,10
test2,12.20009,4.256221,-0.1905769,10
test2,12.22009,4.515617,-0.2117524,10
test2,12.24009,4.759132,-0.2170461,10
test2,12.26009,4.917946,-0.2170461,10
test2,12.28009,5.108523,-0.2064586,10
test2,12.30009,5.219694,-0.1799893,10
test2,12.32009,5.34145,-0.1323453,10
test2,12.34009,5.404976,-0.08470088,10
test2,12.36009,5.452621,-0.03705651,10
test2,12.38009,5.505558,0.05823195,10
test2,12.40009,5.526734,0.1694018,10
test2,12.42009,5.532028,0.2541029,10
test2,12.44009,5.526734,0.3864479,10
test2,12.4601,5.510852,0.4870301,10
test2,12.4801,5.468502,0.6299627,10
test2,12.5001,5.442034,0.7305455,10
test2,12.5201,5.394389,0.8840656,10
test2,12.5401,5.362627,0.9846479,10
test2,12.5601,5.309688,1.138169,10
test2,12.5801,5.277925,1.238751,10
test2,12.6001,5.219694,1.397565,10
test2,12.6201,5.18793,1.498147,10
test2,12.6401,5.140286,1.651667,10
test2,12.6601,5.113816,1.757544,10
test2,12.6801,5.087348,1.90577,10
test2,12.7001,5.07676,2.001059,10
test2,12.7201,5.071467,2.133404,10
test2,12.7401,5.071467,2.228692,10
test2,12.7601,5.082054,2.345156,10
test2,12.7801,5.097935,2.413976,10
test2,12.8001,5.129699,2.514558,10
test2,12.8201,5.156168,2.578084,10
test2,12.8401,5.193223,2.668078,10
test2,12.8601,5.230281,2.72631,10
test2,12.88011,5.293807,2.800424,10
test2,12.90011,5.34145,2.842774,10
test2,12.92011,5.389095,2.885125,10
test2,12.94011,5.473796,2.932768,10
test2,12.96011,5.558496,2.964532,10
test2,12.98011,5.622023,2.980413,10
test2,13.00011,5.727898,2.996294,10
test2,13.02011,5.796718,2.996294,10
test2,13.04011,5.907887,2.985707,10
test2,13.06011,5.987295,2.969825,10
test2,13.08011,6.114347,2.922181,10
test2,13.10011,6.204342,2.879831,10
test2,13.12011,6.336687,2.811011,10
test2,13.14011,6.426682,2.763367,10
test2,13.16011,6.548438,2.673372,10
test2,13.18011,6.617259,2.61514,10
test2,13.20011,6.696666,2.514558,10
test2,13.22011,6.733722,2.445738,10
test2,13.24011,6.765484,2.334569,10
test2,13.26011,6.770778,2.265749,10
test2,13.28011,6.765484,2.154579,10
test2,13.30011,6.744311,2.091054,10
test2,13.32012,6.701958,1.995765,10
test2,13.34012,6.659609,1.942827,10
test2,13.36012,6.60667,1.879301,10
test2,13.38012,6.574908,1.852832,10
test2,13.40012,6.548438,1.826363,10
test2,13.42012,6.511382,1.799894,10
test2,13.44012,6.484913,1.773425,10
test2,13.46012,6.463737,1.75225,10
test2,13.48012,6.437268,1.709899,10
test2,13.50012,6.416094,1.678137,10
test2,13.52012,6.389624,1.619905,10
test2,13.54012,6.373743,1.577554,10
test2,13.56012,6.357862,1.52991,10
test2,13.58012,6.352568,1.46109,10
test2,13.60012,6.352568,1.386977,10
test2,13.62012,6.352568,1.339333,10
test2,13.64012,6.373743,1.259926,10
test2,13.66012,6.389624,1.201694,10
test2,13.68012,6.426682,1.116993,10
test2,13.70012,6.458445,1.064055,10
test2,13.72012,6.495501,1.011117,10
test2,13.74012,6.553734,0.9211224,10
test2,13.76013,6.611964,0.8364213,10
test2,13.78013,6.649023,0.7834834,10
test2,13.80013,6.707252,0.6987822,10
test2,13.82013,6.749603,0.6405509,10
test2,13.84013,6.807837,0.5452621,10
test2,13.86013,6.85548,0.4870301,10
test2,13.88013,6.924298,0.4023296,10
test2,13.90013,6.977237,0.3388035,10
test2,13.92013,7.056644,0.2593964,10
test2,13.94013,7.109584,0.2064586,10
test2,13.96013,7.199577,0.132345,10
test2,13.98013,7.263102,0.09528875,10
test2,14.00013,7.363686,0.03176272,10
test2,14.02013,7.427212,0,10
test2,14.04013,7.522501,-0.04764438,10
test2,14.06013,7.591319,-0.0794071,10
test2,14.08013,7.691901,-0.1164636,10
test2,14.10013,7.760722,-0.137639,10
test2,14.12013,7.866596,-0.164108,10
test2,14.14013,7.935417,-0.1746956,10

test3,0.02,-7.935416,-0.2329275,10
test3,0.04,-7.824246,-0.269984,10
test3,0.06,-7.601906,-0.328216,10
test3,0.08,-7.443092,-0.3599787,10
test3,0.09999999,-7.199577,-0.3970355,10
test3,0.12,-7.035469,-0.4129168,10
test3,0.14,-6.765484,-0.4182106,10
test3,0.16,-6.564321,-0.4182106,10
test3,0.18,-6.251986,-0.4129168,10
test3,0.2,-6.056114,-0.3864479,10
test3,0.22,-5.775543,-0.3123346,10
test3,0.24,-5.606141,-0.2541026,10
test3,0.26,-5.373213,-0.1482266,10
test3,0.28,-5.23028,-0.05823195,10
test3,0.3,-5.044997,0.08999467,10
test3,0.32,-4.949709,0.2011645,10
test3,0.34,-4.859714,0.3599787,10
test3,0.36,-4.838539,0.4711485,10
test3,0.38,-4.849126,0.6299627,10
test3,0.4,-4.891477,0.735839,10
test3,0.42,-4.970884,0.8946532,10
test3,0.4400001,-5.039703,0.9846479,10
test3,0.4600001,-5.166755,1.122287,10
test3,0.4800001,-5.262043,1.1964,10
test3,0.5000001,-5.420857,1.291689,10
test3,0.52,-5.532027,1.344627,10
test3,0.54,-5.712017,1.392271,10
test3,0.56,-5.828481,1.402858,10
test3,0.58,-5.987295,1.402858,10
test3,0.6,-6.093172,1.381683,10
test3,0.6199999,-6.251986,1.312864,10
test3,0.6399999,-6.34198,1.259926,10
test3,0.6599999,-6.4108,1.1964,10
test3,0.6799999,-6.506088,1.069349,10
test3,0.6999999,-6.580202,0.9264159,10
test3,0.7199998,-6.60667,0.8258337,10
test3,0.7399998,-6.633139,0.6723136,10
test3,0.7599998,-6.633139,0.5717313,10
test3,0.7799998,-6.601377,0.4182106,10
test3,0.7999998,-6.559026,0.3123343,10
test3,0.8199998,-6.474325,0.1535201,10
test3,0.8399997,-6.400212,0.04764438,10
test3,0.8599997,-6.267867,-0.1217577,10
test3,0.8799997,-6.172579,-0.2276337,10
test3,0.8999997,-6.034939,-0.3917417,10
test3,0.9199997,-5.939651,-0.5029115,10
test3,0.9399996,-5.807305,-0.6723133,10
test3,0.9599996,-5.733192,-0.7834834,10
test3,0.9799996,-5.637904,-0.9422973,10
test3,0.9999996,-5.584965,-1.053467,10
test3,1.02,-5.510853,-1.217575,10
test3,1.04,-5.457915,-1.34992,10
test3,1.06,-5.420857,-1.524616,10
test3,1.08,-5.404976,-1.641079,10
test3,1.1,-5.404976,-1.815775,10
test3,1.12,-5.404976,-1.937533,10
test3,1.14,-5.404976,-2.122817,10
test3,1.159999,-5.426151,-2.23928,10
test3,1.179999,-5.457915,-2.413975,10
test3,1.199999,-5.494971,-2.519852,10
test3,1.219999,-5.569084,-2.683959,10
test3,1.239999,-5.637904,-2.763367,10
test3,1.259999,-5.754367,-2.858655,10
test3,1.279999,-5.844362,-2.901006,10
test3,1.299999,-5.997882,-2.916887,10
test3,1.319999,-6.103759,-2.890418,10
test3,1.339999,-6.257279,-2.811011,10
test3,1.359999,-6.368449,-2.721016,10
test3,1.379999,-6.511382,-2.562202,10
test3,1.399999,-6.601377,-2.43515,10
test3,1.419999,-6.707253,-2.281631,10
test3,1.439999,-6.844892,-2.038115,10
test3,1.459999,-6.934886,-1.805188,10
test3,1.479999,-6.977237,-1.630492,10
test3,1.499999,-7.003706,-1.466384,10
test3,1.519999,-7.008999,-1.212281,10
test3,1.539999,-6.971943,-0.9634727,10
test3,1.559999,-6.924298,-0.8046585,10
test3,1.579999,-6.82901,-0.603494,10
test3,1.599999,-6.744309,-0.4870301,10
test3,1.619999,-6.580202,-0.3335097,10
test3,1.639999,-6.479619,-0.2541026,10
test3,1.659999,-6.310217,-0.1746956,10
test3,1.679999,-6.18846,-0.1429328,10
test3,1.699999,-6.003176,-0.1270515,10
test3,1.719999,-5.8973,-0.1270515,10
test3,1.739999,-5.791424,-0.1429328,10
test3,1.759999,-5.622023,-0.2117524,10
test3,1.779999,-5.468502,-0.3070408,10
test3,1.799999,-5.352038,-0.3917417,10
test3,1.819999,-5.240869,-0.4976177,10
test3,1.839999,-5.097935,-0.6829011,10
test3,1.859999,-4.960296,-0.8840656,10
test3,1.879999,-4.880889,-1.016411,10
test3,1.899999,-4.764426,-1.228163,10
test3,1.919999,-4.706194,-1.381683,10
test3,1.939999,-4.626787,-1.619904,10
test3,1.959999,-4.595024,-1.778718,10
test3,1.979999,-4.568555,-2.01694,10
test3,1.999999,-4.557968,-2.181048,10
test3,2.019999,-4.552674,-2.419269,10
test3,2.039999,-4.563261,-2.578083,10
test3,2.059999,-4.610905,-2.811011,10
test3,2.079999,-4.653255,-2.94865,10
test3,2.099999,-4.737957,-3.139227,10
test3,2.119999,-4.796189,-3.245103,10
test3,2.139999,-4.912652,-3.36686,10
test3,2.159999,-5.002647,-3.446268,10
test3,2.179999,-5.134992,-3.530969,10
test3,2.199999,-5.235575,-3.578613,10
test3,2.219999,-5.383801,-3.620963,10
test3,2.239999,-5.484383,-3.636845,10
test3,2.259999,-5.643198,-3.642139,10
test3,2.279999,-5.74378,-3.642139,10
test3,2.299999,-5.907888,-3.626258,10
test3,2.319999,-6.003176,-3.599788,10
test3,2.339998,-6.151403,-3.541556,10
test3,2.359998,-6.246692,-3.488618,10
test3,2.379998,-6.384331,-3.403918,10
test3,2.399998,-6.463738,-3.329804,10
test3,2.419998,-6.574908,-3.202753,10
test3,2.439998,-6.638433,-3.102171,10
test3,2.459998,-6.686077,-2.996294,10
test3,2.479998,-6.739016,-2.821599,10
test3,2.499998,-6.76019,-2.652197,10
test3,2.519998,-6.765484,-2.525146,10
test3,2.539998,-6.781366,-2.387506,10
test3,2.559998,-6.781366,-2.175754,10
test3,2.579998,-6.781366,-1.958708,10
test3,2.599998,-6.776072,-1.815775,10
test3,2.619998,-6.744309,-1.619904,10
test3,2.639998,-6.701959,-1.492853,10
test3,2.659998,-6.654315,-1.386977,10
test3,2.679998,-6.564321,-1.228163,10
test3,2.699998,-6.490207,-1.138168,10
test3,2.719998,-6.357862,-1.026999,10
test3,2.739998,-6.193753,-0.93171,10
test3,2.759998,-6.071995,-0.8734781,10
test3,2.779998,-5.85495,-0.794071,10
test3,2.799998,-5.696136,-0.7411328,10
test3,2.819998,-5.457915,-0.6617257,10
test3,2.839998,-5.283219,-0.6087878,10
test3,2.859998,-5.023822,-0.5346745,10
test3,2.879998,-4.838539,-0.4817364,10
test3,2.899998,-4.584436,-0.4023293,10
test3,2.919998,-4.425622,-0.3493911,10
test3,2.939998,-4.1874,-0.2488089,10
test3,2.959998,-4.033881,-0.1694018,10
test3,2.979998,-3.822128,-0.03705651,10
test3,2.999998,-3.710958,0.05293787,10
test3,3.019998,-3.610376,0.2117521,10
test3,3.039998,-3.557438,0.3176284,10
test3,3.059998,-3.5045,0.4817367,10
test3,3.079998,-3.483325,0.5929065,10
test3,3.099998,-3.467443,0.7834834,10
test3,3.119998,-3.467443,0.9211224,10
test3,3.139998,-3.499206,1.116993,10
test3,3.159998,-3.536263,1.244044,10
test3,3.179998,-3.620963,1.424034,10
test3,3.199998,-3.705664,1.551085,10
test3,3.219998,-3.859185,1.715193,10
test3,3.239998,-3.986236,1.815776,10
test3,3.259998,-4.219163,1.97459,10
test3,3.279998,-4.372684,2.064584,10
test3,3.299998,-4.626787,2.196929,10
test3,3.319998,-4.806776,2.292218,10
test3,3.339998,-5.07676,2.435151,10
test3,3.359998,-5.25675,2.541027,10
test3,3.379997,-5.500265,2.689254,10
test3,3.399997,-5.648491,2.795129,10
test3,3.419997,-5.844362,2.953944,10
test3,3.439997,-5.950239,3.065114,10
test3,3.459997,-6.045527,3.17099,10
test3,3.479997,-6.151403,3.345685,10
test3,3.499997,-6.225516,3.515087,10
test3,3.519997,-6.257279,3.636845,10
test3,3.539997,-6.267867,3.79566,10
test3,3.559997,-6.267867,3.901536,10
test3,3.579997,-6.236104,4.065643,10
test3,3.599997,-6.193753,4.17152,10
test3,3.619997,-6.114347,4.293277,10
test3,3.639997,-6.045527,4.367391,10
test3,3.659997,-5.929063,4.457386,10
test3,3.679997,-5.828481,4.510324,10
test3,3.699997,-5.680254,4.568556,10
test3,3.719997,-5.569084,4.58973,10
test3,3.739997,-5.389094,4.605612,10
test3,3.759997,-5.262043,4.605612,10
test3,3.779997,-5.07676,4.605612,10
test3,3.799997,-4.933827,4.584437,10
test3,3.819997,-4.711488,4.520912,10
test3,3.839997,-4.557968,4.467973,10
test3,3.859997,-4.36739,4.388566,10
test3,3.879997,-4.25622,4.330335,10
test3,3.899997,-4.097406,4.203283,10
test3,3.919997,-3.996824,4.097407,10
test3,3.939997,-3.88036,3.938593,10
test3,3.959997,-3.827422,3.832716,10
test3,3.979997,-3.753309,3.636845,10
test3,3.999997,-3.716252,3.493913,10
test3,4.019997,-3.679196,3.271573,10
test3,4.039997,-3.668607,3.123346,10
test3,4.059997,-3.668607,2.885125,10
test3,4.079997,-3.668607,2.721016,10
test3,4.099997,-3.679196,2.482795,10
test3,4.119997,-3.700371,2.318687,10
test3,4.139997,-3.732133,2.149285,10
test3,4.159997,-3.785071,1.90577,10
test3,4.179997,-3.843304,1.651667,10
test3,4.199997,-3.88036,1.476972,10
test3,4.219997,-3.938592,1.238751,10
test3,4.239997,-3.970355,1.069349,10
test3,4.259997,-4.017999,0.8205402,10
test3,4.279997,-4.044468,0.6511384,10
test3,4.299997,-4.081525,0.4129171,10
test3,4.319997,-4.1027,0.2382213,10
test3,4.339997,-4.123875,0,10
test3,4.359997,-4.123875,-0.1588142,10
test3,4.379997,-4.123875,-0.3970355,10
test3,4.399997,-4.118582,-0.5505559,10
test3,4.419997,-4.092112,-0.7517204,10
test3,4.439997,-4.065643,-0.8787718,10
test3,4.459997,-3.996824,-1.053467,10
test3,4.479997,-3.938592,-1.159343,10
test3,4.499997,-3.843304,-1.302276,10
test3,4.519997,-3.779778,-1.381683,10
test3,4.539997,-3.679196,-1.48756,10
test3,4.559997,-3.61567,-1.551085,10
test3,4.579997,-3.530969,-1.630492,10
test3,4.599997,-3.467443,-1.68343,10
test3,4.619997,-3.377448,-1.746956,10
test3,4.639997,-3.324511,-1.784012,10
test3,4.659997,-3.250397,-1.826363,10
test3,4.679996,-3.197459,-1.852832,10
test3,4.699996,-3.133934,-1.889889,10
test3,4.719996,-3.096877,-1.90577,10
test3,4.739996,-3.038645,-1.932239,10
test3,4.759996,-2.996294,-1.948121,10
test3,4.779996,-2.943356,-1.969296,10
test3,4.799996,-2.911593,-1.979884,10
test3,4.819996,-2.858655,-1.995765,10
test3,4.839996,-2.832186,-2.006352,10
test3,4.859996,-2.784542,-2.022233,10
test3,4.879996,-2.752779,-2.027528,10
test3,4.899996,-2.699841,-2.043409,10
test3,4.919996,-2.662785,-2.048703,10
test3,4.939996,-2.604553,-2.059291,10
test3,4.959996,-2.562203,-2.064584,10
test3,4.979996,-2.493383,-2.064584,10
test3,4.999996,-2.440444,-2.064584,10
test3,5.019996,-2.35045,-2.064584,10
test3,5.039996,-2.286925,-2.064584,10
test3,5.059996,-2.191636,-2.064584,10
test3,5.079996,-2.117522,-2.059291,10
test3,5.099996,-2.006353,-2.048703,10
test3,5.119996,-1.926946,-2.043409,10
test3,5.139996,-1.810482,-2.043409,10
test3,5.159996,-1.720487,-2.043409,10
test3,5.179996,-1.582848,-2.043409,10
test3,5.199996,-1.476972,-2.043409,10
test3,5.219996,-1.323451,-2.043409,10
test3,5.239996,-1.217575,-2.038115,10
test3,5.259996,-1.037586,-2.038115,10
test3,5.279996,-0.9211222,-2.038115,10
test3,5.299996,-0.730545,-2.022233,10
test3,5.319996,-0.5929064,-2.01694,10
test3,5.339996,-0.3652725,-2.006352,10
test3,5.359996,-0.2064583,-1.985177,10
test3,5.379996,0.04235101,-1.948121,10
test3,5.399996,0.2117527,-1.911064,10
test3,5.419996,0.4711488,-1.842244,10
test3,5.439996,0.6458442,-1.789306,10
test3,5.459996,0.8840655,-1.688724,10
test3,5.479996,1.048173,-1.593435,10
test3,5.499996,1.270514,-1.429327,10
test3,5.519996,1.386977,-1.312864,10
test3,5.539996,1.52991,-1.12758,10
test3,5.559996,1.582848,-0.9952354,10
test3,5.579996,1.625198,-0.7834834,10
test3,5.599996,1.630493,-0.6246692,10
test3,5.619996,1.604023,-0.4817364,10
test3,5.639996,1.514029,-0.2646902,10
test3,5.659996,1.381683,-0.06881952,10
test3,5.679996,1.254632,0.0370568,10
test3,5.699996,1.111699,0.1482266,10
test3,5.719995,0.8681843,0.269984,10
test3,5.739995,0.6193756,0.3546852,10
test3,5.759995,0.4340928,0.3970355,10
test3,5.779995,0.1641091,0.4235047,10
test3,5.799995,-0.01588118,0.4235047,10
test3,5.819995,-0.275278,0.3864479,10
test3,5.839995,-0.4393853,0.3440976,10
test3,5.859995,-0.6564323,0.269984,10
test3,5.879995,-0.7728949,0.2011645,10
test3,5.899995,-0.8787718,0.1111698,10
test3,5.919995,-1.042879,-0.04235059,10
test3,5.939995,-1.175225,-0.2276337,10
test3,5.959995,-1.249337,-0.3599787,10
test3,5.979995,-1.302276,-0.5187929,10
test3,5.999995,-1.344626,-0.7570142,10
test3,6.019995,-1.355214,-0.9952354,10
test3,6.039995,-1.344626,-1.148756,10
test3,6.059995,-1.270514,-1.386977,10
test3,6.079995,-1.212282,-1.540497,10
test3,6.099995,-1.090523,-1.757544,10
test3,6.119995,-0.9846481,-1.900476,10
test3,6.139995,-0.8205396,-2.085759,10
test3,6.159995,-0.7093695,-2.186342,10
test3,6.179995,-0.5082055,-2.355743,10
test3,6.199995,-0.344097,-2.466913,10
test3,6.219995,-0.08999394,-2.609846,10
test3,6.239995,0.08999455,-2.689253,10
test3,6.259995,0.344097,-2.789836,10
test3,6.279995,0.5346748,-2.848068,10
test3,6.299995,0.831127,-2.927475,10
test3,6.319995,1.037586,-2.969825,10
test3,6.339995,1.360508,-3.012176,10
test3,6.359995,1.561673,-3.028057,10
test3,6.379995,1.879302,-3.033351,10
test3,6.399995,2.085759,-3.033351,10
test3,6.419995,2.350451,-3.022764,10
test3,6.439995,2.509265,-2.996294,10
test3,6.459995,2.736897,-2.943357,10
test3,6.479995,2.863949,-2.906299,10
test3,6.499995,3.022763,-2.832187,10
test3,6.519995,3.096877,-2.784542,10
test3,6.539995,3.181577,-2.710429,10
test3,6.559995,3.223929,-2.662785,10
test3,6.579995,3.266278,-2.583377,10
test3,6.599995,3.292747,-2.530439,10
test3,6.619995,3.329804,-2.445738,10
test3,6.639995,3.356273,-2.376919,10
test3,6.659995,3.39333,-2.265749,10
test3,6.679995,3.425092,-2.186342,10
test3,6.699995,3.483325,-2.048703,10
test3,6.719995,3.530968,-1.953414,10
test3,6.739995,3.610375,-1.7946,10
test3,6.759995,3.663314,-1.694018,10
test3,6.779994,3.748015,-1.540497,10
test3,6.799994,3.811541,-1.439915,10
test3,6.819994,3.912122,-1.281101,10
test3,6.839994,3.99153,-1.169931,10
test3,6.859994,4.134463,-1.011117,10
test3,6.879994,4.240338,-0.9052408,10
test3,6.899994,4.404446,-0.7728958,10
test3,6.919994,4.499736,-0.7040763,10
test3,6.939994,4.663844,-0.6193754,10
test3,6.959994,4.790895,-0.5664372,10
test3,6.979994,5.002647,-0.4870301,10
test3,6.999994,5.14558,-0.4552674,10
test3,7.019994,5.283219,-0.434092,10
test3,7.039994,5.516146,-0.4235044,10
test3,7.059994,5.754367,-0.4235044,10
test3,7.079994,5.907887,-0.4446799,10
test3,7.099994,6.056114,-0.4817364,10
test3,7.119994,6.27316,-0.5611435,10
test3,7.139994,6.469031,-0.6670195,10
test3,7.159994,6.590789,-0.7570142,10
test3,7.179994,6.765484,-0.9052408,10
test3,7.199994,6.871363,-1.016411,10
test3,7.219994,7.019587,-1.175225,10
test3,7.239994,7.088407,-1.286395,10
test3,7.259994,7.173109,-1.476972,10
test3,7.279994,7.220753,-1.614611,10
test3,7.299994,7.252516,-1.836951,10
test3,7.319994,7.257808,-1.990471,10
test3,7.339994,7.247221,-2.191635,10
test3,7.359994,7.204872,-2.334568,10
test3,7.379994,7.114876,-2.514558,10
test3,7.399994,7.02488,-2.631022,10
test3,7.419994,6.850185,-2.779248,10
test3,7.439994,6.696666,-2.874537,10
test3,7.459994,6.442564,-2.959238,10
test3,7.479994,6.236106,-3.017469,10
test3,7.499994,5.913181,-3.054526,10
test3,7.519994,5.680255,-3.05982,10
test3,7.539994,5.320275,-3.054526,10
test3,7.559994,5.07676,-3.022764,10
test3,7.579994,4.722075,-2.943357,10
test3,7.599994,4.499736,-2.879831,10
test3,7.619994,4.17152,-2.742192,10
test3,7.639994,3.970355,-2.631022,10
test3,7.659994,3.716252,-2.472208,10
test3,7.679994,3.546851,-2.339862,10
test3,7.699994,3.324511,-2.122817,10
test3,7.719994,3.21334,-1.97459,10
test3,7.739994,3.080996,-1.741662,10
test3,7.759994,3.033351,-1.582848,10
test3,7.779994,3.006882,-1.371095,10
test3,7.799994,3.012176,-1.244044,10
test3,7.819993,3.059821,-1.053467,10
test3,7.839993,3.118052,-0.9422973,10
test3,7.859993,3.23981,-0.7834834,10
test3,7.879993,3.345685,-0.6829011,10
test3,7.899993,3.5045,-0.5664372,10
test3,7.919993,3.610375,-0.5187929,10
test3,7.939993,3.800953,-0.4393858,10
test3,7.959993,3.933299,-0.3970355,10
test3,7.979993,4.129169,-0.3546849,10
test3,7.999993,4.245632,-0.3440973,10
test3,8.019994,4.43621,-0.3440973,10
test3,8.039994,4.573849,-0.3493911,10
test3,8.059995,4.7009,-0.3758603,10
test3,8.079995,4.891478,-0.4287982,10
test3,8.099996,5.087348,-0.4976177,10
test3,8.119996,5.203812,-0.5505559,10
test3,8.139997,5.383801,-0.629963,10
test3,8.159997,5.505558,-0.6881949,10
test3,8.179997,5.669666,-0.767602,10
test3,8.199998,5.775543,-0.8364213,10
test3,8.219998,5.944945,-0.93171,10
test3,8.239999,6.05082,-1.005823,10
test3,8.259999,6.199047,-1.122287,10
test3,8.28,6.289042,-1.212281,10
test3,8.3,6.400212,-1.344627,10
test3,8.320001,6.463737,-1.434621,10
test3,8.340001,6.543144,-1.582848,10
test3,8.360002,6.580202,-1.678137,10
test3,8.380002,6.611964,-1.831657,10
test3,8.400002,6.617259,-1.926945,10
test3,8.420003,6.60667,-2.075172,10
test3,8.440003,6.580202,-2.17046,10
test3,8.460004,6.527263,-2.308099,10
test3,8.480004,6.474327,-2.3928,10
test3,8.500005,6.373743,-2.519852,10
test3,8.520005,6.294335,-2.593965,10
test3,8.540006,6.151402,-2.715722,10
test3,8.560006,6.045527,-2.779248,10
test3,8.580007,5.870831,-2.869243,10
test3,8.600007,5.738486,-2.927475,10
test3,8.620008,5.505558,-3.012176,10
test3,8.640008,5.346744,-3.065114,10
test3,8.660008,5.092641,-3.133934,10
test3,8.680009,4.917946,-3.17099,10
test3,8.700009,4.637374,-3.218634,10
test3,8.72001,4.446797,-3.245103,10
test3,8.74001,4.272102,-3.250397,10
test3,8.760011,3.975648,-3.271572,10
test3,8.780011,3.65802,-3.292748,10
test3,8.800012,3.446267,-3.298041,10
test3,8.820012,3.123345,-3.298041,10
test3,8.840013,2.901006,-3.298041,10
test3,8.860013,2.572789,-3.298041,10
test3,8.880013,2.355744,-3.298041,10
test3,8.900014,2.006352,-3.287453,10
test3,8.920014,1.773425,-3.271572,10
test3,8.940015,1.429328,-3.245103,10
test3,8.960015,1.206988,-3.223927,10
test3,8.980016,0.836422,-3.17099,10
test3,9.000016,0.5982007,-3.133934,10
test3,9.020017,0.2435162,-3.054526,10
test3,9.040017,0.02117611,-3.001588,10
test3,9.060018,-0.1905771,-2.94865,10
test3,9.080018,-0.5029112,-2.83748,10
test3,9.100019,-0.794071,-2.721016,10
test3,9.120019,-1.005823,-2.609846,10
test3,9.140019,-1.2811,-2.451032,10
test3,9.16002,-1.461091,-2.361038,10
test3,9.18002,-1.704606,-2.202224,10
test3,9.200021,-1.858126,-2.096347,10
test3,9.220021,-2.091054,-1.921651,10
test3,9.240022,-2.223399,-1.810482,10
test3,9.260022,-2.398094,-1.641079,10
test3,9.280023,-2.50397,-1.52991,10
test3,9.300023,-2.646904,-1.339333,10
test3,9.320024,-2.721017,-1.217575,10
test3,9.340024,-2.811011,-1.04288,10
test3,9.360024,-2.858655,-0.9158283,10
test3,9.380025,-2.922181,-0.7305452,10
test3,9.400025,-2.94865,-0.6087878,10
test3,9.420026,-2.969826,-0.4499736,10
test3,9.440026,-2.969826,-0.3440973,10
test3,9.460027,-2.969826,-0.2382213,10
test3,9.480027,-2.964532,-0.0794071,10
test3,9.500028,-2.938063,0.0794071,10
test3,9.520028,-2.911593,0.1694018,10
test3,9.540029,-2.853362,0.2964532,10
test3,9.560029,-2.811011,0.3758603,10
test3,9.580029,-2.731604,0.4817367,10
test3,9.60003,-2.673372,0.5452621,10
test3,9.62003,-2.57279,0.6405509,10
test3,9.640031,-2.50397,0.6934887,10
test3,9.660031,-2.424563,0.7411331,10
test3,9.680032,-2.292218,0.8152461,10
test3,9.700032,-2.159873,0.8787715,10
test3,9.720033,-2.059291,0.9158283,10
test3,9.740033,-1.911064,0.9634727,10
test3,9.760034,-1.815776,0.989942,10
test3,9.780034,-1.662255,1.032292,10
test3,9.800035,-1.556379,1.053467,10
test3,9.820035,-1.402858,1.074643,10
test3,9.840035,-1.296982,1.08523,10
test3,9.860036,-1.138168,1.090524,10
test3,9.880036,-1.032292,1.090524,10
test3,9.900037,-0.8681837,1.090524,10
test3,9.920037,-0.7570137,1.090524,10
test3,9.940038,-0.5823183,1.090524,10
test3,9.960038,-0.4552665,1.090524,10
test3,9.980039,-0.2541025,1.079937,10
test3,10.00004,-0.1217569,1.079937,10
test3,10.02004,0.08999455,1.074643,10
test3,10.04004,0.2329276,1.064055,10
test3,10.06004,0.4499739,1.037586,10
test3,10.08004,0.592907,1.016411,10
test3,10.10004,0.8046584,0.9793544,10
test3,10.12004,0.9264165,0.9528852,10
test3,10.14004,1.106406,0.9105349,10
test3,10.16004,1.228163,0.8787715,10
test3,10.18004,1.413447,0.8099526,10
test3,10.20004,1.524616,0.7676017,10
test3,10.22004,1.704605,0.7146639,10
test3,10.24004,1.821069,0.6776071,10
test3,10.26005,1.995765,0.6246692,10
test3,10.28005,2.10164,0.5876124,10
test3,10.30005,2.276337,0.5452621,10
test3,10.32005,2.376919,0.5134994,10
test3,10.34005,2.541027,0.4711485,10
test3,10.36005,2.652196,0.4446799,10
test3,10.38005,2.805717,0.4129171,10
test3,10.40005,2.911594,0.4023296,10
test3,10.42005,3.070408,0.3811538,10
test3,10.44005,3.181577,0.3705662,10
test3,10.46005,3.345685,0.3652728,10
test3,10.48005,3.46215,0.3652728,10
test3,10.50005,3.626258,0.3599787,10
test3,10.52005,3.737427,0.3599787,10
test3,10.54005,3.901535,0.3599787,10
test3,10.56005,4.018,0.3599787,10
test3,10.58005,4.187401,0.3599787,10
test3,10.60005,4.298571,0.3599787,10
test3,10.62005,4.457385,0.3599787,10
test3,10.64005,4.568555,0.3599787,10
test3,10.66005,4.72737,0.3705662,10
test3,10.68005,4.833245,0.3864479,10
test3,10.70006,4.997354,0.4235047,10
test3,10.72006,5.092641,0.4605609,10
test3,10.74006,5.224987,0.5187929,10
test3,10.76006,5.304394,0.5558497,10
test3,10.78006,5.415564,0.6246692,10
test3,10.80006,5.484383,0.6723136,10
test3,10.82006,5.574378,0.7570142,10
test3,10.84006,5.616729,0.8152461,10
test3,10.86006,5.669666,0.9052408,10
test3,10.88006,5.690842,0.9687668,10
test3,10.90006,5.706724,1.064055,10
test3,10.92006,5.706724,1.127581,10
test3,10.94006,5.690842,1.233457,10
test3,10.96006,5.669666,1.302276,10
test3,10.98006,5.63261,1.402858,10
test3,11.00006,5.595553,1.466385,10
test3,11.02006,5.532028,1.57226,10
test3,11.04006,5.484383,1.635786,10
test3,11.06006,5.415564,1.731074,10
test3,11.08006,5.373214,1.7946,10
test3,11.10006,5.309688,1.889889,10
test3,11.12006,5.277925,1.953415,10
test3,11.14007,5.230281,2.053997,10
test3,11.16007,5.203812,2.117522,10
test3,11.18007,5.166755,2.212811,10
test3,11.20007,5.14558,2.276337,10
test3,11.22007,5.129699,2.371625,10
test3,11.24007,5.11911,2.445738,10
test3,11.26007,5.11911,2.535733,10
test3,11.28007,5.124405,2.599259,10
test3,11.30007,5.14558,2.662785,10
test3,11.32007,5.198517,2.747486,10
test3,11.34007,5.25675,2.821599,10
test3,11.36007,5.309688,2.869243,10
test3,11.38007,5.389095,2.927475,10
test3,11.40007,5.442034,2.964532,10
test3,11.42007,5.526734,3.006882,10
test3,11.44007,5.590259,3.033351,10
test3,11.46007,5.690842,3.070407,10
test3,11.48007,5.764956,3.091583,10
test3,11.50007,5.886713,3.112758,10
test3,11.52007,5.96612,3.118052,10
test3,11.54007,6.082584,3.123346,10
test3,11.56007,6.161991,3.123346,10
test3,11.58008,6.283749,3.10217,10
test3,11.60008,6.34198,3.080995,10
test3,11.62008,6.400212,3.033351,10
test3,11.64008,6.426682,2.991,10
test3,11.66008,6.437268,2.922181,10
test3,11.68008,6.437268,2.874537,10
test3,11.70008,6.431975,2.811011,10
test3,11.72008,6.405506,2.705135,10
test3,11.74008,6.363156,2.588671,10
test3,11.76008,6.326099,2.498677,10
test3,11.78008,6.283749,2.366331,10
test3,11.80008,6.262573,2.271043,10
test3,11.82008,6.246692,2.12811,10
test3,11.84008,6.246692,2.027528,10
test3,11.86008,6.257279,1.900476,10
test3,11.88008,6.278454,1.826363,10
test3,11.90008,6.331394,1.725781,10
test3,11.92008,6.373743,1.667549,10
test3,11.94008,6.442564,1.598729,10
test3,11.96008,6.490208,1.551085,10
test3,11.98008,6.564321,1.498147,10
test3,12.00008,6.611964,1.466385,10
test3,12.02009,6.670196,1.424034,10
test3,12.04009,6.707252,1.397565,10
test3,12.06009,6.744311,1.365802,10
test3,12.08009,6.760192,1.349921,10
test3,12.10009,6.770778,1.323451,10
test3,12.12009,6.776073,1.302276,10
test3,12.14009,6.776073,1.259926,10
test3,12.16009,6.776073,1.233457,10
test3,12.18009,6.754897,1.164637,10
test3,12.20009,6.728429,1.111699,10
test3,12.22009,6.691371,1.016411,10
test3,12.24009,6.67549,0.9475911,10
test3,12.26009,6.659609,0.8417153,10
test3,12.28009,6.649023,0.7728958,10
test3,12.30009,6.649023,0.6564319,10
test3,12.32009,6.654315,0.5770248,10
test3,12.34009,6.67549,0.4605609,10
test3,12.36009,6.691371,0.3917414,10
test3,12.38009,6.728429,0.2858657,10
test3,12.40009,6.754897,0.2223396,10
test3,12.42009,6.802542,0.137639,10
test3,12.44009,6.834304,0.08999467,10
test3,12.4601,6.89783,0.02117515,10
test3,12.4801,6.94018,-0.01588136,10
test3,12.5001,7.014294,-0.06352574,10
test3,12.5201,7.067232,-0.08999467,10
test3,12.5401,7.146639,-0.1270515,10
test3,12.5601,7.204872,-0.1429328,10
test3,12.5801,7.30016,-0.164108,10
test3,12.6001,7.368979,-0.1694018,10
test3,12.6201,7.480148,-0.1694018,10
test3,12.6401,7.554263,-0.1694018,10
test3,12.6601,7.670726,-0.1694018,10
test3,12.6801,7.750133,-0.1694018,10
test3,12.7001,7.866596,-0.1588142,10
test3,12.7201,7.951298,-0.1482266,10

