Trial,time,PositionX,PositionY,PositionZ,frameDiff,userLevel,preTrialOffset,preLevelOffset
1,0.02,-7.951297,-0.02117515,10,0.2037732,1,5,5
1,0.04,-7.908947,0.005294085,10,0.1815778,1,5,5
1,0.06,-7.877183,0.04235029,10,0.1464148,1,5,5
1,0.08,-7.856009,0.06352544,10,0.1250599,1,5,5
1,0.09999999,-7.834833,0.08999467,10,0,1,5,5
1,0.12,-7.813658,0.1111698,10,0.08161215,1,5,5
1,0.14,-7.776602,0.1535201,10,0,1,5,5
1,0.16,-7.755426,0.1746958,10,0.02811443,1,5,5
1,0.18,-7.713076,0.2170461,10,0,1,5,5
1,0.2,-7.691901,0.2382213,10,0.04555007,1,5,5
1,0.22,-7.654844,0.269984,10,0,1,5,5
1,0.24,-7.628375,0.2858657,10,0,1,5,5
1,0.26,-7.564849,0.3123343,10,0.1423156,1,5,5
1,0.28,-7.533087,0.3229225,10,0,1,5,5
1,0.3,-7.490736,0.328216,10,0,1,5,5
1,0.32,-7.469561,0.328216,10,0,1,5,5
1,0.34,-7.437799,0.328216,10,0,1,5,5
1,0.36,-7.411328,0.3176284,10,0,1,5,5
1,0.38,-7.374272,0.2911592,10,0.2427386,1,5,5
1,0.4,-7.337216,0.2593964,10,0,1,5,5
1,0.42,-7.263103,0.1905769,10,0.286015,1,5,5
1,0.4400001,-7.199577,0.1164639,10,0,1,5,5
1,0.4600001,-7.141345,0.02117515,10,0.3217085,1,5,5
1,0.4800001,-7.088407,-0.07411331,10,0,1,5,5
1,0.5000001,-7.008999,-0.2223399,10,0.3636098,1,5,5
1,0.52,-6.96665,-0.3229222,10,0,1,5,5
1,0.54,-6.908417,-0.4923239,10,0.3845762,1,5,5
1,0.56,-6.871361,-0.6087878,10,0,1,5,5
1,0.58,-6.823717,-0.7834834,10,0.3908941,1,5,5
1,0.6,-6.791954,-0.9052408,10,0.399826,1,5,5
1,0.6199999,-6.739016,-1.090524,10,0.3927742,1,5,5
1,0.6399999,-6.712546,-1.1964,10,0.3752018,1,5,5
1,0.6599999,-6.670196,-1.355214,10,0.3118497,1,5,5
1,0.6799999,-6.643727,-1.46109,10,0.2535675,1,5,5
1,0.6999999,-6.596083,-1.598729,10,0.3022766,1,5,5
1,0.7199998,-6.569614,-1.68343,10,0,1,5,5
1,0.7399998,-6.543145,-1.799894,10,0,1,5,5
1,0.7599998,-6.521969,-1.884595,10,0,1,5,5
1,0.7799998,-6.495501,-1.97459,10,0,1,5,5
1,0.7999998,-6.479619,-2.027528,10,0,1,5,5
1,0.8199998,-6.463738,-2.080466,10,0,1,5,5
1,0.8399997,-6.458443,-2.091053,10,0,1,5,5
1,0.8599997,-6.458443,-2.091053,10,0,1,5,5
1,0.8799997,-6.458443,-2.091053,10,0,1,5,5
1,0.8999997,-6.458443,-2.085759,10,0,1,5,5
1,0.9199997,-6.458443,-2.032821,10,0,1,5,5
1,0.9399996,-6.45315,-1.889889,10,0,1,5,5
1,0.9599996,-6.45315,-1.746956,10,0,1,5,5
1,0.9799996,-6.442562,-1.535204,10,0.3763102,1,5,5
1,0.9999996,-6.421387,-1.397564,10,0.3004884,1,5,5
1,1.02,-6.389625,-1.191106,10,0.2063007,1,5,5
1,1.04,-6.357862,-1.069348,10,0.1415222,1,5,5
1,1.06,-6.299629,-0.899947,10,0.1504008,1,5,5
1,1.08,-6.251986,-0.7834834,10,0.1542567,1,5,5
1,1.1,-6.151403,-0.6193754,10,0.2300858,1,5,5
1,1.12,-6.082583,-0.5082053,10,0.2631084,1,5,5
1,1.14,-5.96612,-0.3440973,10,0.3594079,1,5,5
1,1.159999,-5.870831,-0.2329275,10,0.4340611,1,5,5
1,1.179999,-5.70143,-0.05293816,10,0.5881169,1,5,5
1,1.199999,-5.59026,0.05293787,10,0,1,5,5
1,1.219999,-5.415564,0.1641083,10,0.818004,1,5,5
1,1.239999,-5.320275,0.2011645,10,0,1,5,5
1,1.259999,-5.251456,0.2223396,10,0,1,5,5
1,1.279999,-5.23028,0.2223396,10,0,1,5,5
1,1.299999,-5.177342,0.2011645,10,0,1,5,5
1,1.319999,-5.103229,0.1535201,10,0.882421,1,5,5
1,1.339999,-5.002647,0.07411301,10,0,1,5,5
1,1.359999,-4.939121,0.01588166,10,0,1,5,5
1,1.379999,-4.817364,-0.1111698,10,0.7532067,1,5,5
1,1.399999,-4.732663,-0.2011648,10,0,1,5,5
1,1.419999,-4.610905,-0.3388035,10,0.6694686,1,5,5
1,1.439999,-4.531498,-0.4393858,10,0.6267735,1,5,5
1,1.459999,-4.425622,-0.571731,10,0.5710715,1,5,5
1,1.479999,-4.351509,-0.6670195,10,0.5248424,1,5,5
1,1.499999,-4.250926,-0.8046585,10,0.4364314,1,5,5
1,1.519999,-4.182107,-0.9052408,10,0.3424033,1,5,5
1,1.539999,-4.086819,-1.048173,10,0.1893592,1,5,5
1,1.559999,-4.028586,-1.12758,10,0.05100088,1,5,5
1,1.579999,-3.954474,-1.217575,10,0,1,5,5
1,1.599999,-3.928005,-1.244044,10,0,1,5,5
1,1.619999,-3.901535,-1.26522,10,0,1,5,5
1,1.639999,-3.901535,-1.26522,10,0,1,5,5
1,1.659999,-3.896241,-1.26522,10,0,1,5,5
1,1.679999,-3.885654,-1.254632,10,0,1,5,5
1,1.699999,-3.832716,-1.191106,10,0.1997325,1,5,5
1,1.719999,-3.779778,-1.12758,10,0,1,5,5
1,1.739999,-3.679196,-1.021704,10,0.2427328,1,5,5
1,1.759999,-3.610376,-0.9475914,10,0,1,5,5
1,1.779999,-3.520381,-0.8417153,10,0.3254253,1,5,5
1,1.799999,-3.462149,-0.7728958,10,0,1,5,5
1,1.819999,-3.361567,-0.6617257,10,0.4329128,1,5,5
1,1.839999,-3.292748,-0.5664372,10,0,1,5,5
1,1.859999,-3.176284,-0.4129168,10,0.5702491,1,5,5
1,1.879999,-3.107464,-0.3123346,10,0.6268702,1,5,5
1,1.899999,-3.022763,-0.1535204,10,0.6910826,1,5,5
1,1.919999,-2.975119,-0.05293816,10,0.726896,1,5,5
1,1.939999,-2.916887,0.1111698,10,0.7579066,1,5,5
1,1.959999,-2.885125,0.2329272,10,0.7704232,1,5,5
1,1.979999,-2.853362,0.4235047,10,0.8353646,1,5,5
1,1.999999,-2.842774,0.539968,10,0,1,5,5
1,2.019999,-2.842774,0.6881946,10,0,1,5,5
1,2.039999,-2.842774,0.7623082,10,0,1,5,5
1,2.059999,-2.842774,0.8205402,10,0,1,5,5
1,2.079999,-2.842774,0.8311278,10,0,1,5,5
1,2.099999,-2.842774,0.8311278,10,0,1,5,5
1,2.119999,-2.848068,0.8311278,10,0,1,5,5
1,2.139999,-2.863949,0.8311278,10,0,1,5,5
1,2.159999,-2.879831,0.8311278,10,0,1,5,5
1,2.179999,-2.969826,0.7887769,10,0,1,5,5
1,2.199999,-3.049233,0.7464266,10,0,1,5,5
1,2.219999,-3.208047,0.6670195,10,0,1,5,5
1,2.239999,-3.308629,0.5876124,10,0,1,5,5
1,2.259999,-3.403918,0.4605609,10,0,1,5,5
1,2.279999,-3.440974,0.3705662,10,0,1,5,5
1,2.299999,-3.472737,0.2276337,10,0,1,5,5
1,2.319999,-3.478031,0.1270515,10,0,1,5,5
1,2.339998,-3.467443,-0.05293816,10,0.07264912,1,5,5
1,2.359998,-3.435681,-0.1958707,10,0.01746452,1,5,5
1,2.379998,-3.345685,-0.3970355,10,0.01993375,1,5,5
1,2.399998,-3.255691,-0.5293807,10,0.1064096,1,5,5
1,2.419998,-3.118052,-0.7040763,10,0,1,5,5
1,2.439998,-3.012176,-0.8258337,10,0.01568545,1,5,5
1,2.459998,-2.800424,-1.048173,10,0.007517288,1,5,5
1,2.479998,-2.662785,-1.180519,10,0.1312684,1,5,5
1,2.499998,-2.451033,-1.365802,10,0,1,5,5
1,2.519998,-2.297512,-1.482265,10,0.02694398,1,5,5
1,2.539998,-2.064584,-1.651667,10,0.01813272,1,5,5
1,2.559998,-1.90577,-1.75225,10,0.1234633,1,5,5
1,2.579998,-1.667549,-1.889889,10,0.1392231,1,5,5
1,2.599998,-1.514029,-1.969296,10,0,1,5,5
1,2.619998,-1.291689,-2.064584,10,0.02574836,1,5,5
1,2.639998,-1.154049,-2.112228,10,0.1225483,1,5,5
1,2.659998,-0.9687663,-2.165166,10,0,1,5,5
1,2.679998,-0.8628906,-2.181048,10,0.1395151,1,5,5
1,2.699998,-0.7517205,-2.181048,10,0,1,5,5
1,2.719998,-0.6829009,-2.175754,10,0,1,5,5
1,2.739998,-0.5823183,-2.133404,10,0.1563219,1,5,5
1,2.759998,-0.4870294,-2.085759,10,0,1,5,5
1,2.779998,-0.3599782,-1.985177,10,0.1483429,1,5,5
1,2.799998,-0.2911592,-1.937533,10,0,1,5,5
1,2.819998,-0.1641079,-1.778718,10,0.1389618,1,5,5
1,2.839998,-0.1005826,-1.667549,10,0,1,5,5
1,2.859998,-0.03705668,-1.508734,10,0.08939267,1,5,5
1,2.879998,0.01058745,-1.386977,10,0,1,5,5
1,2.899998,0.05823219,-1.23875,10,0.05554674,1,5,5
1,2.919998,0.08999455,-1.148756,10,0,1,5,5
1,2.939998,0.1376393,-1.011117,10,0.05999157,1,5,5
1,2.959998,0.1799903,-0.9105346,10,0,1,5,5
1,2.979998,0.2541025,-0.735839,10,0.1278295,1,5,5
1,2.999998,0.3070409,-0.6352568,10,0.1289608,1,5,5
1,3.019998,0.4023304,-0.4817364,10,0.1813826,1,5,5
1,3.039998,0.4711488,-0.3917417,10,0.206231,1,5,5
1,3.059998,0.5982007,-0.2541026,10,0.2732129,1,5,5
1,3.079998,0.693489,-0.1588142,10,0.2899643,1,5,5
1,3.099998,0.831127,-0.03705651,10,0.3481655,1,5,5
1,3.119998,0.9158291,0.03176272,10,0.323742,1,5,5
1,3.139998,1.048173,0.1111698,10,0.3233862,1,5,5
1,3.159998,1.138168,0.1482266,10,0.2476641,1,5,5
1,3.179998,1.291688,0.1905769,10,0.2203754,1,5,5
1,3.199998,1.392272,0.2117521,10,0.1346744,1,5,5
1,3.219998,1.52991,0.2382213,10,0.1048069,1,5,5
1,3.239998,1.614611,0.2541029,10,0.05065098,1,5,5
1,3.259998,1.736369,0.2752781,10,0.06319252,1,5,5
1,3.279998,1.815776,0.2858657,10,0.08267216,1,5,5
1,3.299998,1.969296,0.2911592,10,0.1831707,1,5,5
1,3.319998,2.080466,0.2911592,10,0,1,5,5
1,3.339998,2.23928,0.2911592,10,0.4228073,1,5,5
1,3.359998,2.334568,0.2911592,10,0,1,5,5
1,3.379997,2.440445,0.2911592,10,0,1,5,5
1,3.399997,2.488089,0.2964532,10,0,1,5,5
1,3.419997,2.541027,0.2964532,10,0,1,5,5
1,3.439997,2.551615,0.2964532,10,0,1,5,5
1,3.459997,2.556908,0.2964532,10,0,1,5,5
1,3.479997,2.556908,0.2964532,10,0,1,5,5
1,3.499997,2.556908,0.3070408,10,0,1,5,5
1,3.519997,2.556908,0.3229225,10,0,1,5,5
1,3.539997,2.53044,0.3705662,10,0,1,5,5
1,3.559997,2.488089,0.4340923,10,0,1,5,5
1,3.579997,2.3928,0.5611438,10,0.5470737,1,5,5
1,3.599997,2.302806,0.6776071,10,0,1,5,5
1,3.619997,2.159873,0.8364213,10,0,1,5,5
1,3.639997,2.059291,0.93171,10,0.4675366,1,5,5
1,3.659997,1.889889,1.064055,10,0,1,5,5
1,3.679997,1.773425,1.111699,10,0.5757544,1,5,5
1,3.699997,1.582848,1.138169,10,0,1,5,5
1,3.719997,1.445209,1.138169,10,0.6478173,1,5,5
1,3.739997,1.228163,1.111699,10,0.6851464,1,5,5
1,3.759997,1.058761,1.08523,10,0.7120382,1,5,5
1,3.779997,0.7676023,1.005823,10,0.7544944,1,5,5
1,3.799997,0.5982007,0.9264159,10,0.7612207,1,5,5
1,3.819997,0.4076229,0.794071,10,0.7619622,1,5,5
1,3.839997,0.3017472,0.6881946,10,0,1,5,5
1,3.859997,0.142933,0.4764426,10,0.6597567,1,5,5
1,3.879997,0.03705729,0.3070408,10,0,1,5,5
1,3.899997,-0.1058757,0.02646923,10,0.4872539,1,5,5
1,3.919997,-0.1799897,-0.1588142,10,0.4001319,1,5,5
1,3.939997,-0.2805711,-0.4393858,10,0.296228,1,5,5
1,3.959997,-0.344097,-0.6193754,10,0,1,5,5
1,3.979997,-0.4552665,-0.93171,10,0.1041295,1,5,5
1,3.999997,-0.5346736,-1.164637,10,0.0147406,1,5,5
1,4.019997,-0.6829009,-1.524616,10,0.09060244,1,5,5
1,4.039997,-0.7676017,-1.725781,10,0.009989087,1,5,5
1,4.059997,-0.8840649,-1.990471,10,0.08843018,1,5,5
1,4.079997,-0.9581789,-2.149285,10,0,1,5,5
1,4.099997,-1.032292,-2.345156,10,0.1719369,1,5,5
1,4.119997,-1.074642,-2.451032,10,0,1,5,5
1,4.139997,-1.132875,-2.604553,10,0.285326,1,5,5
1,4.159997,-1.164637,-2.683959,10,0,1,5,5
1,4.179997,-1.206988,-2.752779,10,0,1,5,5
1,4.199997,-1.228163,-2.789836,10,0,1,5,5
1,4.219997,-1.254632,-2.832187,10,0,1,5,5
1,4.239997,-1.291689,-2.879831,10,0,1,5,5
1,4.259997,-1.344626,-2.959238,10,0.475202,1,5,5
1,4.279997,-1.381684,-3.012176,10,0,1,5,5
1,4.299997,-1.41874,-3.065114,10,0,1,5,5
1,4.319997,-1.439915,-3.091583,10,0,1,5,5
1,4.339997,-1.450503,-3.102171,10,0,1,5,5
1,4.359997,-1.455796,-3.107464,10,0,1,5,5
1,4.379997,-1.455796,-3.107464,10,0,1,5,5
1,4.399997,-1.455796,-3.102171,10,0,1,5,5
1,4.419997,-1.461091,-3.038645,10,0,1,5,5
1,4.439997,-1.482266,-2.922181,10,0,1,5,5
1,4.459997,-1.508735,-2.683959,10,0,1,5,5
1,4.479997,-1.524616,-2.514558,10,0,1,5,5
1,4.499997,-1.535203,-2.223398,10,0,1,5,5
1,4.519997,-1.556379,-2.038115,10,0,1,5,5
1,4.539997,-1.593436,-1.741662,10,0,1,5,5
1,4.559997,-1.64108,-1.540497,10,1.620962,1,5,5
1,4.579997,-1.768132,-1.26522,10,0.5721754,1,5,5
1,4.599997,-1.858126,-1.116993,10,0.5370979,1,5,5
1,4.619997,-1.995764,-0.9264162,10,0.5026564,1,5,5
1,4.639997,-2.096348,-0.8099523,10,0.4928142,1,5,5
1,4.659997,-2.292218,-0.629963,10,0,1,5,5
1,4.679996,-2.41927,-0.5187929,10,0.3094237,1,5,5
1,4.699996,-2.578084,-0.3811541,10,0,1,5,5
1,4.719996,-2.657491,-0.2964532,10,0,1,5,5
1,4.739996,-2.758073,-0.1588142,10,0.1052178,1,5,5
1,4.759996,-2.811011,-0.06352574,10,0,1,5,5
1,4.779996,-2.895712,0.1058763,10,0,1,5,5
1,4.799996,-2.932769,0.2223396,10,0.1151801,1,5,5
1,4.819996,-2.975119,0.3917414,10,0,1,5,5
1,4.839996,-2.991,0.5187929,10,0.1786452,1,5,5
1,4.859996,-2.996294,0.6934887,10,0,1,5,5
1,4.879996,-2.996294,0.8258337,10,0.172984,1,5,5
1,4.899996,-2.991,1.016411,10,0,1,5,5
1,4.919996,-2.964532,1.138169,10,0.1212321,1,5,5
1,4.939996,-2.916887,1.30757,10,0.1354162,1,5,5
1,4.959996,-2.885125,1.41874,10,0,1,5,5
1,4.979996,-2.83748,1.566967,10,0.09505735,1,5,5
1,4.999996,-2.789836,1.683431,10,0.1240277,1,5,5
1,5.019996,-2.72631,1.842245,10,0,1,5,5
1,5.039996,-2.689254,1.942827,10,0.1253934,1,5,5
1,5.059996,-2.61514,2.08576,10,0.1385394,1,5,5
1,5.079996,-2.546321,2.191636,10,0.1469687,1,5,5
1,5.099996,-2.440444,2.355744,10,0.1708639,1,5,5
1,5.119996,-2.355744,2.46162,10,0.1939952,1,5,5
1,5.139996,-2.202223,2.620434,10,0.3196859,1,5,5
1,5.159996,-2.112229,2.715722,10,0.3718626,1,5,5
1,5.179996,-1.990471,2.842774,10,0.4992616,1,5,5
1,5.199996,-1.926946,2.9063,10,0,1,5,5
1,5.219996,-1.847539,2.985707,10,0,1,5,5
1,5.239996,-1.810482,3.022763,10,0,1,5,5
1,5.259996,-1.762837,3.05982,10,0,1,5,5
1,5.279996,-1.72578,3.075702,10,0,1,5,5
1,5.299996,-1.699312,3.086289,10,0,1,5,5
1,5.319996,-1.678136,3.086289,10,0,1,5,5
1,5.339996,-1.64108,3.086289,10,0,1,5,5
1,5.359996,-1.598729,3.086289,10,0,1,5,5
1,5.379996,-1.561673,3.086289,10,0,1,5,5
1,5.399996,-1.556379,3.086289,10,0,1,5,5
1,5.419996,-1.556379,3.086289,10,0,1,5,5
1,5.439996,-1.556379,3.070407,10,0,1,5,5
1,5.459996,-1.556379,3.028057,10,0,1,5,5
1,5.479996,-1.593436,2.911593,10,0.7548891,1,5,5
1,5.499996,-1.678136,2.747486,10,0,1,5,5
1,5.519996,-1.762837,2.631022,10,0,1,5,5
1,5.539996,-1.889889,2.41927,10,0,1,5,5
1,5.559996,-1.97459,2.265749,10,0.0853352,1,5,5
1,5.579996,-2.096348,2.048703,10,0.1146087,1,5,5
1,5.599996,-2.170461,1.90577,10,0.1411356,1,5,5
1,5.619996,-2.260455,1.736369,10,0.1749251,1,5,5
1,5.639996,-2.313393,1.625199,10,0.1200776,1,5,5
1,5.659996,-2.408682,1.445209,10,0.1311846,1,5,5
1,5.679996,-2.46162,1.339333,10,0.08976537,1,5,5
1,5.699996,-2.535733,1.180519,10,0.1138099,1,5,5
1,5.719995,-2.57279,1.079937,10,0,1,5,5
1,5.739995,-2.631021,0.9264159,10,0.1112178,1,5,5
1,5.759995,-2.662785,0.8311278,10,0,1,5,5
1,5.779995,-2.715722,0.7040763,10,0.1352487,1,5,5
1,5.799995,-2.742192,0.6246692,10,0,1,5,5
1,5.819995,-2.79513,0.4976177,10,0.176117,1,5,5
1,5.839995,-2.821599,0.4287982,10,0,1,5,5
1,5.859995,-2.869243,0.3123343,10,0,1,5,5
1,5.879995,-2.901006,0.2329272,10,0.2240322,1,5,5
1,5.899995,-2.953944,0.1058763,10,0,1,5,5
1,5.919995,-2.991,0.01588166,10,0.2900116,1,5,5
1,5.939995,-3.054526,-0.137639,10,0.3556534,1,5,5
1,5.959995,-3.107464,-0.269984,10,0,1,5,5
1,5.979995,-3.17099,-0.4764426,10,0.5303065,1,5,5
1,5.999995,-3.213341,-0.5876124,10,0,1,5,5
1,6.019995,-3.250397,-0.7305452,10,0,1,5,5
1,6.039995,-3.255691,-0.767602,10,0,1,5,5
1,6.059995,-3.255691,-0.7728958,10,0,1,5,5
1,6.079995,-3.255691,-0.7728958,10,0,1,5,5
1,6.099995,-3.255691,-0.767602,10,0,1,5,5
1,6.119995,-3.229222,-0.7252514,10,0,1,5,5
1,6.139995,-3.144521,-0.603494,10,0,1,5,5
1,6.159995,-3.05982,-0.4711488,10,0,1,5,5
1,6.179995,-2.9063,-0.2488089,10,0,1,5,5
1,6.199995,-2.779248,-0.08999467,10,0,1,5,5
1,6.219995,-2.599259,0.1005822,10,0,1,5,5
1,6.239995,-2.493383,0.2011645,10,0,1,5,5
1,6.259995,-2.345156,0.2964532,10,0,1,5,5
1,6.279995,-2.260455,0.328216,10,0,1,5,5
1,6.299995,-2.165167,0.3440976,10,0,1,5,5
1,6.319995,-2.117522,0.3440976,10,0.8379633,1,5,5
1,6.339995,-2.038115,0.3229225,10,0.8216,1,5,5
1,6.359995,-1.985177,0.2911592,10,0.7453728,1,5,5
1,6.379995,-1.889889,0.2064586,10,0.6577108,1,5,5
1,6.399995,-1.815776,0.1270515,10,0.5805188,1,5,5
1,6.419995,-1.688725,-0.02646893,10,0.5797229,1,5,5
1,6.439995,-1.614611,-0.137639,10,0.5672961,1,5,5
1,6.459995,-1.508735,-0.3123346,10,0.5958675,1,5,5
1,6.479995,-1.445209,-0.4446799,10,0.5769924,1,5,5
1,6.499995,-1.365802,-0.6458443,10,0.5816835,1,5,5
1,6.519995,-1.30757,-0.794071,10,0.572707,1,5,5
1,6.539995,-1.233456,-1.037586,10,0.5996792,1,5,5
1,6.559995,-1.201693,-1.180519,10,0,1,5,5
1,6.579995,-1.164637,-1.381683,10,0.6307934,1,5,5
1,6.599995,-1.143462,-1.519322,10,0,1,5,5
1,6.619995,-1.127581,-1.662255,10,0.6631452,1,5,5
1,6.639995,-1.116993,-1.757544,10,0,1,5,5
1,6.659995,-1.101112,-1.90577,10,0,1,5,5
1,6.679995,-1.101112,-2.001059,10,0,1,5,5
1,6.699995,-1.101112,-2.154579,10,0.6709927,1,5,5
1,6.719995,-1.101112,-2.249868,10,0,1,5,5
1,6.739995,-1.101112,-2.382213,10,0,1,5,5
1,6.759995,-1.106405,-2.488089,10,0.689568,1,5,5
1,6.779994,-1.132875,-2.652197,10,0,1,5,5
1,6.799994,-1.154049,-2.758073,10,0,1,5,5
1,6.819994,-1.201693,-2.927475,10,0.6045585,1,5,5
1,6.839994,-1.238751,-3.043939,10,0,1,5,5
1,6.859994,-1.302276,-3.213341,10,0,1,5,5
1,6.879994,-1.365802,-3.313923,10,0.4658028,1,5,5
1,6.899994,-1.476972,-3.451562,10,0,1,5,5
1,6.919994,-1.572261,-3.541556,10,0.3053175,1,5,5
1,6.939994,-1.736369,-3.65802,10,0,1,5,5
1,6.959994,-1.858126,-3.742721,10,0.06982512,1,5,5
1,6.979994,-2.001059,-3.848598,10,0.02105934,1,5,5
1,6.999994,-2.091054,-3.912123,10,0.05034342,1,5,5
1,7.019994,-2.265749,-4.002117,10,0.1501276,1,5,5
1,7.039994,-2.376919,-4.044468,10,0.2073805,1,5,5
1,7.059994,-2.546321,-4.107994,10,0.3489174,1,5,5
1,7.079994,-2.657491,-4.139757,10,0.4609464,1,5,5
1,7.099994,-2.816305,-4.166226,10,0,1,5,5
1,7.119994,-2.9063,-4.171519,10,0,1,5,5
1,7.139994,-3.043939,-4.155638,10,0,1,5,5
1,7.159994,-3.091583,-4.139757,10,0,1,5,5
1,7.179994,-3.139227,-4.092112,10,0,1,5,5
1,7.199994,-3.160403,-4.039174,10,0,1,5,5
1,7.219994,-3.192165,-3.92271,10,0.9277358,1,5,5
1,7.239994,-3.208047,-3.827422,10,0,1,5,5
1,7.259994,-3.213341,-3.65802,10,0.941029,1,5,5
1,7.279994,-3.213341,-3.520381,10,0,1,5,5
1,7.299994,-3.181577,-3.313923,10,0.9366883,1,5,5
1,7.319994,-3.149815,-3.149815,10,0.9277574,1,5,5
1,7.339994,-3.075701,-2.901006,10,0.8963631,1,5,5
1,7.359994,-3.001589,-2.763367,10,0,1,5,5
1,7.379994,-2.890419,-2.556908,10,0.7820079,1,5,5
1,7.399994,-2.800424,-2.419269,10,0.7392026,1,5,5
1,7.419994,-2.652197,-2.249868,10,0,1,5,5
1,7.439994,-2.535733,-2.133404,10,0.5642599,1,5,5
1,7.459994,-2.329275,-1.985177,10,0,1,5,5
1,7.479994,-2.191636,-1.916358,10,0.3344489,1,5,5
1,7.499994,-1.97459,-1.826363,10,0,1,5,5
1,7.519994,-1.83695,-1.778718,10,0.1389478,1,5,5
1,7.539994,-1.614611,-1.694018,10,0,1,5,5
1,7.559994,-1.482266,-1.635786,10,0.1178529,1,5,5
1,7.579994,-1.323451,-1.551085,10,0,1,5,5
1,7.599994,-1.217575,-1.482265,10,0.1525185,1,5,5
1,7.619994,-1.053468,-1.386977,10,0,1,5,5
1,7.639994,-0.9422977,-1.312864,10,0.1733031,1,5,5
1,7.659994,-0.7464268,-1.169931,10,0,1,5,5
1,7.679994,-0.6299624,-1.079936,10,0.1842253,1,5,5
1,7.699994,-0.4658551,-0.93171,10,0,1,5,5
1,7.719994,-0.3493913,-0.8364213,10,0,1,5,5
1,7.739994,-0.1482267,-0.6776071,10,0.09985648,1,5,5
1,7.759994,-0.005293726,-0.5664372,10,0.07972213,1,5,5
1,7.779994,0.2117527,-0.3917417,10,0,1,5,5
1,7.799994,0.3546857,-0.2752778,10,0.3634914,1,5,5
1,7.819993,0.5399685,-0.09528846,10,0.5524544,1,5,5
1,7.839993,0.6352568,0.02117515,10,0,1,5,5
1,7.859993,0.7199576,0.1852834,10,0.7152064,1,5,5
1,7.879993,0.7358388,0.2911592,10,0,1,5,5
1,7.899993,0.7199576,0.4605609,10,0.6875771,1,5,5
1,7.919993,0.672314,0.5664372,10,0.4288663,1,5,5
1,7.939993,0.5346748,0.7411331,10,0,1,5,5
1,7.959993,0.4129167,0.8628905,10,0,1,5,5
1,7.979993,0.2805723,1.016411,10,0,1,5,5
1,7.999993,0.2329276,1.106405,10,0,1,5,5
1,8.019994,0.2170464,1.244044,10,0,1,5,5
1,8.039994,0.2276338,1.355214,10,0,1,5,5
1,8.059995,0.2964535,1.556379,10,0,1,5,5
1,8.079995,0.3758606,1.699312,10,0.7027559,1,5,5
1,8.099996,0.5346748,1.942827,10,0,1,5,5
1,8.119996,0.6511379,2.096347,10,0.8380154,1,5,5
1,8.139997,0.8523031,2.308099,10,0.882082,1,5,5
1,8.159997,1.011117,2.440445,10,0,1,5,5
1,8.179997,1.281101,2.604553,10,0.8294881,1,5,5
1,8.199998,1.455796,2.678666,10,0,1,5,5
1,8.219998,1.731075,2.736898,10,0.7732843,1,5,5
1,8.239999,1.921651,2.747486,10,0,1,5,5
1,8.259999,2.138698,2.736898,10,0.7852133,1,5,5
1,8.28,2.255161,2.705135,10,0,1,5,5
1,8.3,2.403388,2.625728,10,0,1,5,5
1,8.320001,2.509265,2.556908,10,0,1,5,5
1,8.340001,2.636315,2.435151,10,0,1,5,5
1,8.360002,2.694548,2.35045,10,0.7743596,1,5,5
1,8.380002,2.758074,2.218105,10,0,1,5,5
1,8.400002,2.773955,2.101641,10,0,1,5,5
1,8.420003,2.784542,1.93224,10,0.6622166,1,5,5
1,8.440003,2.784542,1.815776,10,0,1,5,5
1,8.460004,2.768661,1.609317,10,0.5535039,1,5,5
1,8.480004,2.75278,1.466385,10,0.5009242,1,5,5
1,8.500005,2.72631,1.238751,10,0.4344497,1,5,5
1,8.520005,2.705135,1.101112,10,0.3996054,1,5,5
1,8.540006,2.678666,0.9158283,10,0.3682524,1,5,5
1,8.560006,2.65749,0.8099526,10,0,1,5,5
1,8.580007,2.61514,0.6723136,10,0.3358774,1,5,5
1,8.600007,2.578083,0.5876124,10,0.3293684,1,5,5
1,8.620008,2.519852,0.4923242,10,0,1,5,5
1,8.640008,2.477501,0.4499733,10,0,1,5,5
1,8.660008,2.387506,0.3864479,10,0.287627,1,5,5
1,8.680009,2.3081,0.3440976,10,0,1,5,5
1,8.700009,2.175754,0.2858657,10,0.3030163,1,5,5
1,8.72001,2.091053,0.2541029,10,0,1,5,5
1,8.74001,1.985177,0.2223396,10,0.3874448,1,5,5
1,8.760011,1.937533,0.2170461,10,0,1,5,5
1,8.780011,1.863419,0.2223396,10,0,1,5,5
1,8.800012,1.799895,0.2435154,10,0.452211,1,5,5
1,8.820012,1.704605,0.2858657,10,0,1,5,5
1,8.840013,1.646374,0.3176284,10,0,1,5,5
1,8.860013,1.572261,0.3758603,10,0.5066688,1,5,5
1,8.880013,1.52991,0.4235047,10,0,1,5,5
1,8.900014,1.48756,0.4976177,10,0.5046891,1,5,5
1,8.920014,1.466384,0.5558497,10,0,1,5,5
1,8.940015,1.466384,0.6829011,10,0.437064,1,5,5
1,8.960015,1.471679,0.7834834,10,0,1,5,5
1,8.980016,1.52991,0.9687668,10,0.2976666,1,5,5
1,9.000016,1.588142,1.101112,10,0.2184818,1,5,5
1,9.020017,1.7099,1.312864,10,0.1490862,1,5,5
1,9.040017,1.805188,1.445209,10,0.1317222,1,5,5
1,9.060018,1.964002,1.614611,10,0.226326,1,5,5
1,9.080018,2.091053,1.725781,10,0.2860858,1,5,5
1,9.100019,2.26575,1.852832,10,0.4003107,1,5,5
1,9.120019,2.3928,1.93224,10,0.4496368,1,5,5
1,9.140019,2.599259,2.043409,10,0.585982,1,5,5
1,9.16002,2.742192,2.101641,10,0.6447669,1,5,5
1,9.18002,2.953944,2.149285,10,0.7664921,1,5,5
1,9.200021,3.086289,2.175754,10,0.8068475,1,5,5
1,9.220021,3.260985,2.218105,10,0.8935182,1,5,5
1,9.240022,3.377449,2.255161,10,0.9229984,1,5,5
1,9.260022,3.520381,2.318687,10,0.9856794,1,5,5
1,9.280023,3.605082,2.366331,10,0.9929867,1,5,5
1,9.300023,3.716252,2.456326,10,1.0427,1,5,5
1,9.320024,3.76919,2.509264,10,1.04696,1,5,5
1,9.340024,3.822128,2.588671,10,1.073281,1,5,5
1,9.360024,3.843303,2.641609,10,1.090716,1,5,5
1,9.380025,3.853892,2.736898,10,0,1,5,5
1,9.400025,3.859185,2.821599,10,0,1,5,5
1,9.420026,3.859185,2.953944,10,0,1,5,5
1,9.440026,3.848597,3.05982,10,1.153622,1,5,5
1,9.460027,3.800953,3.223929,10,0,1,5,5
1,9.480027,3.758602,3.313923,10,0,1,5,5
1,9.500028,3.673901,3.414506,10,0,1,5,5
1,9.520028,3.5892,3.456857,10,1.09747,1,5,5
1,9.540029,3.456856,3.478031,10,0,1,5,5
1,9.560029,3.350979,3.478031,10,0,1,5,5
1,9.580029,3.10217,3.419799,10,0,1,5,5
1,9.60003,2.895711,3.366861,10,0.5773442,1,5,5
1,9.62003,2.525146,3.266279,10,0.4109639,1,5,5
1,9.640031,2.281631,3.186872,10,0.3987189,1,5,5
1,9.660031,1.979884,3.05982,10,0.4938907,1,5,5
1,9.680032,1.868714,2.980413,10,0.5041979,1,5,5
1,9.700032,1.799895,2.853361,10,0.4744039,1,5,5
1,9.720033,1.778718,2.758073,10,0.4239694,1,5,5
1,9.740033,1.778718,2.599259,10,0.3630014,1,5,5
1,9.760034,1.805188,2.466913,10,0.3027905,1,5,5
1,9.780034,1.874008,2.265749,10,0.2374042,1,5,5
1,9.800035,1.953415,2.112229,10,0.1674384,1,5,5
1,9.820035,2.122817,1.868713,10,0.09653999,1,5,5
1,9.840035,2.249867,1.694018,10,0.04668213,1,5,5
1,9.860036,2.445739,1.41874,10,0.164835,1,5,5
1,9.880036,2.551615,1.259926,10,0.2194894,1,5,5
1,9.900037,2.668079,1.048174,10,0.2861406,1,5,5
1,9.920037,2.72631,0.8999473,10,0,1,5,5
1,9.940038,2.773955,0.6829011,10,0.2503721,1,5,5
1,9.960038,2.779248,0.5293804,10,0,1,5,5
1,9.980039,2.779248,0.269984,10,0.1496981,1,5,5
1,10.00004,2.779248,0.08470118,10,0.07271831,1,5,5
1,10.02004,2.736897,-0.2064586,10,0.06573613,1,5,5
1,10.04004,2.705135,-0.4129168,10,0.1544477,1,5,5
1,10.06004,2.646903,-0.767602,10,0.3319698,1,5,5
1,10.08004,2.609847,-1.016411,10,0.431287,1,5,5
1,10.10004,2.588672,-1.30757,10,0.536335,1,5,5
1,10.12004,2.578083,-1.445209,10,0.5051643,1,5,5
1,10.14004,2.541027,-1.651667,10,0.526206,1,5,5
1,10.16004,2.503971,-1.778718,10,0.4672985,1,5,5
1,10.18004,2.419269,-1.995765,10,0.5018871,1,5,5
1,10.20004,2.345157,-2.117522,10,0.4607227,1,5,5
1,10.22004,2.223399,-2.271042,10,0.4943013,1,5,5
1,10.24004,2.133404,-2.355743,10,0.5082943,1,5,5
1,10.26005,1.985177,-2.456326,10,0.5806334,1,5,5
1,10.28005,1.879302,-2.50397,10,0,1,5,5
1,10.30005,1.731075,-2.556908,10,0.6540482,1,5,5
1,10.32005,1.64108,-2.572789,10,0,1,5,5
1,10.34005,1.498147,-2.578083,10,0,1,5,5
1,10.36005,1.397565,-2.551615,10,0.6464056,1,5,5
1,10.38005,1.228163,-2.451032,10,0,1,5,5
1,10.40005,1.138168,-2.366331,10,0.498986,1,5,5
1,10.42005,1.04288,-2.223398,10,0,1,5,5
1,10.44005,1.00053,-2.106935,10,0.2908666,1,5,5
1,10.46005,0.937004,-1.889889,10,0.1294006,1,5,5
1,10.48005,0.9052404,-1.741662,10,0.04822933,1,5,5
1,10.50005,0.8417157,-1.566967,10,0.05032722,1,5,5
1,10.52005,0.794071,-1.48756,10,0.07374446,1,5,5
1,10.54005,0.7199576,-1.392271,10,0.1548287,1,5,5
1,10.56005,0.6617254,-1.34992,10,0,1,5,5
1,10.58005,0.5558497,-1.312864,10,0,1,5,5
1,10.60005,0.4711488,-1.291688,10,0,1,5,5
1,10.62005,0.2964535,-1.259926,10,0.5916719,1,5,5
1,10.64005,0.1376393,-1.233457,10,0,1,5,5
1,10.66005,-0.1005826,-1.212281,10,0,1,5,5
1,10.68005,-0.2699842,-1.1964,10,0,1,5,5
1,10.70006,-0.5558497,-1.159343,10,0,1,5,5
1,10.72006,-0.730545,-1.138168,10,0,1,5,5
1,10.74006,-0.937004,-1.090524,10,1.833319,1,5,5
1,10.76006,-1.079936,-1.04288,10,1.965318,1,5,5
1,10.78006,-1.249337,-0.9687662,10,2.098198,1,5,5
1,10.80006,-1.328745,-0.9211224,10,2.109224,1,5,5
1,10.82006,-1.424033,-0.8417153,10,2.106472,1,5,5
1,10.84006,-1.466384,-0.7781896,10,2.017273,1,5,5
1,10.86006,-1.524616,-0.6458443,10,1.925097,1,5,5
1,10.88006,-1.566966,-0.5558497,10,1.786503,1,5,5
1,10.90006,-1.619905,-0.434092,10,1.646826,1,5,5
1,10.92006,-1.651668,-0.3440973,10,1.465795,1,5,5
1,10.94006,-1.68343,-0.2064586,10,1.299211,1,5,5
1,10.96006,-1.694018,-0.1164636,10,1.10164,1,5,5
1,10.98006,-1.715193,0.04235029,10,0.9580377,1,5,5
1,11.00006,-1.715193,0.1588142,10,0.7946742,1,5,5
1,11.02006,-1.72578,0.3388035,10,0.7006087,1,5,5
1,11.04006,-1.72578,0.4711485,10,0.595574,1,5,5
1,11.06006,-1.72578,0.6776071,10,0.5743198,1,5,5
1,11.08006,-1.72578,0.8152461,10,0.5277734,1,5,5
1,11.10006,-1.709899,1.016411,10,0.5911965,1,5,5
1,11.12006,-1.694018,1.15405,10,0.6320907,1,5,5
1,11.14007,-1.646373,1.365802,10,0.7604855,1,5,5
1,11.16007,-1.614611,1.498147,10,0.812686,1,5,5
1,11.18007,-1.540498,1.699312,10,0.917376,1,5,5
1,11.20007,-1.461091,1.826363,10,0.917429,1,5,5
1,11.22007,-1.30757,2.038115,10,0.9847917,1,5,5
1,11.24007,-1.201693,2.165167,10,0.9386176,1,5,5
1,11.26007,-1.032292,2.35045,10,0.9462113,1,5,5
1,11.28007,-0.9211222,2.482795,10,0.8723854,1,5,5
1,11.30007,-0.762308,2.657491,10,0.842346,1,5,5
1,11.32007,-0.6564323,2.768661,10,0.7335469,1,5,5
1,11.34007,-0.5187924,2.938063,10,0.6725825,1,5,5
1,11.36007,-0.4552665,3.038645,10,0.5189077,1,5,5
1,11.38007,-0.386448,3.165696,10,0.3829403,1,5,5
1,11.40007,-0.3493913,3.234516,10,0.1826131,1,5,5
1,11.42007,-0.2593968,3.372155,10,0.05246026,1,5,5
1,11.44007,-0.1535199,3.467443,10,0.1137222,1,5,5
1,11.46007,0.03705729,3.605083,10,0,1,5,5
1,11.48007,0.1746954,3.689783,10,0.3587513,1,5,5
1,11.50007,0.4023304,3.806248,10,0.5454682,1,5,5
1,11.52007,0.5611446,3.875067,10,0.6546142,1,5,5
1,11.54007,0.8046584,3.959767,10,0.8163139,1,5,5
1,11.56007,0.9581789,3.996825,10,0.8654401,1,5,5
1,11.58008,1.15405,4.018,10,0.9448159,1,5,5
1,11.60008,1.238751,4.012706,10,0.9183831,1,5,5
1,11.62008,1.334039,3.970356,10,0.9151632,1,5,5
1,11.64008,1.397565,3.917418,10,0.9192398,1,5,5
1,11.66008,1.535203,3.79566,10,0,1,5,5
1,11.68008,1.662255,3.679197,10,0.9375813,1,5,5
1,11.70008,1.921651,3.440974,10,0.9561545,1,5,5
1,11.72008,2.096347,3.266279,10,0,1,5,5
1,11.74008,2.366332,2.975119,10,0.9568959,1,5,5
1,11.76008,2.53044,2.768661,10,0.9090665,1,5,5
1,11.78008,2.758074,2.408682,10,0.8139894,1,5,5
1,11.80008,2.901006,2.159873,10,0.724118,1,5,5
1,11.82008,3.118052,1.789306,10,0.6194991,1,5,5
1,11.84008,3.266278,1.545792,10,0.5496653,1,5,5
1,11.86008,3.499206,1.175225,10,0.497812,1,5,5
1,11.88008,3.647433,0.9370035,10,0.4657225,1,5,5
1,11.90008,3.838009,0.5876124,10,0.4625109,1,5,5
1,11.92008,3.954474,0.3758603,10,0.4554036,1,5,5
1,11.94008,4.113288,0.08470118,10,0.5145134,1,5,5
1,11.96008,4.208576,-0.08470088,10,0.5450767,1,5,5
1,11.98008,4.330334,-0.3229222,10,0.6411011,1,5,5
1,12.00008,4.399153,-0.465855,10,0.6875052,1,5,5
1,12.02009,4.494442,-0.6776071,10,0.7854357,1,5,5
1,12.04009,4.547379,-0.8046585,10,0.8125204,1,5,5
1,12.06009,4.605612,-1.000529,10,0.8558007,1,5,5
1,12.08009,4.637374,-1.148756,10,0.8538592,1,5,5
1,12.10009,4.679725,-1.360508,10,0.8717675,1,5,5
1,12.12009,4.716781,-1.492853,10,0.8636391,1,5,5
1,12.14009,4.790895,-1.699311,10,0.9190305,1,5,5
1,12.16009,4.838539,-1.799894,10,0.9188281,1,5,5
1,12.18009,4.912652,-1.895182,10,0.9407252,1,5,5
1,12.20009,4.976179,-1.932239,10,0.9195724,1,5,5
1,12.22009,5.087348,-1.948121,10,0.9093671,1,5,5
1,12.24009,5.172049,-1.942827,10,0.8595564,1,5,5
1,12.26009,5.336156,-1.889889,10,0.8356423,1,5,5
1,12.28009,5.447327,-1.831657,10,0.7729019,1,5,5
1,12.30009,5.611435,-1.731074,10,0.740358,1,5,5
1,12.32009,5.706724,-1.651667,10,0.6711211,1,5,5
1,12.34009,5.833774,-1.508734,10,0.614093,1,5,5
1,12.36009,5.8973,-1.408153,10,0.5283688,1,5,5
1,12.38009,6.003177,-1.23875,10,0.463247,1,5,5
1,12.40009,6.077291,-1.116993,10,0.3924876,1,5,5
1,12.42009,6.193753,-0.9370035,10,0.3465055,1,5,5
1,12.44009,6.267868,-0.8258337,10,0.2845892,1,5,5
1,12.4601,6.373743,-0.6564319,10,0.2419483,1,5,5
1,12.4801,6.45315,-0.5505559,10,0.1921256,1,5,5
1,12.5001,6.548438,-0.4393858,10,0.1618555,1,5,5
1,12.5201,6.601377,-0.3864479,10,0.1034603,1,5,5
1,12.5401,6.680785,-0.3335097,10,0.08099983,1,5,5
1,12.5601,6.739016,-0.3070408,10,0.06918477,1,5,5
1,12.5801,6.818423,-0.2911595,10,0.09441055,1,5,5
1,12.6001,6.866066,-0.2858657,10,0,1,5,5
1,12.6201,6.945473,-0.2858657,10,0.1504065,1,5,5
1,12.6401,7.003706,-0.2858657,10,0,1,5,5
1,12.6601,7.12017,-0.2858657,10,0.2481226,1,5,5
1,12.6801,7.204872,-0.2752778,10,0.2825647,1,5,5
1,12.7001,7.337215,-0.2435151,10,0.3354532,1,5,5
1,12.7201,7.41133,-0.2223399,10,0.3505799,1,5,5
1,12.7401,7.501323,-0.1852831,10,0.3664995,1,5,5
1,12.7601,7.559555,-0.1588142,10,0.3582788,1,5,5
1,12.7801,7.623081,-0.1323453,10,0.34945,1,5,5
1,12.8001,7.660137,-0.1164636,10,0.3193628,1,5,5
1,12.8201,7.697196,-0.1005822,10,0.2845026,1,5,5
1,12.8401,7.713077,-0.09528846,10,0.23607,1,5,5
1,12.8601,7.734251,-0.08470088,10,0.1874332,1,5,5
1,12.88011,7.744841,-0.0794071,10,0.1366294,1,5,5
1,12.90011,7.771308,-0.06352574,10,0.09025285,1,5,5
1,12.92011,7.787189,-0.05823195,10,0.06200038,1,5,5
1,12.94011,7.813658,-0.04764438,10,0,1,5,5
1,12.96011,7.834834,-0.04235059,10,0.04300568,1,5,5
1,12.98011,7.871891,-0.02646893,10,0,1,5,5
1,13.00011,7.893065,-0.02117515,10,0,1,5,5
1,13.02011,7.919536,-0.01588136,10,0.02153788,1,5,5
1,13.04011,7.935417,-0.01058757,10,0,1,5,5
1,13.06011,7.961884,-0.005293787,10,0,1,5,5
1,13.08011,7.967179,-0.005293787,10,0,1,5,5
1,13.10011,7.972472,-0.005293787,10,0,1,5,5
1,13.12011,7.977766,-0.005293787,10,0,1,5,5
1,13.14011,7.993648,-0.005293787,10,0.0503148,1,27,5

2,0.02,-7.87189,0.08999467,10,0.1320252,1,27,32
2,0.04,-7.76072,0.1641083,10,0.174301,1,27,32
2,0.06,-7.575437,0.3017467,10,0.3447655,1,27,32
2,0.08,-7.448386,0.3917414,10,0.4661447,1,27,32
2,0.09999999,-7.241927,0.524087,10,0.6512023,1,27,32
2,0.12,-7.114876,0.5876124,10,0.7350646,1,27,32
2,0.14,-6.919005,0.6564319,10,0.8805652,1,27,32
2,0.16,-6.807836,0.6987822,10,0.9534683,1,27,32
2,0.18,-6.654315,0.735839,10,1.081807,1,27,32
2,0.2,-6.548439,0.7411331,10,0,1,27,32
2,0.22,-6.426681,0.735839,10,0,1,27,32
2,0.24,-6.373743,0.7199574,10,0,1,27,32
2,0.26,-6.304924,0.6776071,10,1.351529,1,27,32
2,0.28,-6.241397,0.6352568,10,0,1,27,32
2,0.3,-6.151403,0.5452621,10,0,1,27,32
2,0.32,-6.087877,0.4605609,10,1.456743,1,27,32
2,0.34,-6.019058,0.328216,10,0,1,27,32
2,0.36,-5.982001,0.2329272,10,0,1,27,32
2,0.38,-5.918476,0.06881952,10,1.487328,1,27,32
2,0.4,-5.865537,-0.06352574,10,0,1,27,32
2,0.42,-5.812599,-0.2593964,10,1.501945,1,27,32
2,0.4400001,-5.770249,-0.4023293,10,1.509163,1,27,32
2,0.4600001,-5.738486,-0.5664372,10,0,1,27,32
2,0.4800001,-5.727898,-0.6670195,10,1.478194,1,27,32
2,0.5000001,-5.722605,-0.8099523,10,1.438358,1,27,32
2,0.52,-5.717311,-0.9105346,10,1.395456,1,27,32
2,0.54,-5.717311,-1.048173,10,1.312355,1,27,32
2,0.56,-5.717311,-1.116993,10,1.230862,1,27,32
2,0.58,-5.727898,-1.159343,10,1.131366,1,27,32
2,0.6,-5.733192,-1.169931,10,1.039196,1,27,32
2,0.6199999,-5.733192,-1.169931,10,0.9512765,1,27,32
2,0.6399999,-5.733192,-1.169931,10,0.8608723,1,27,32
2,0.6599999,-5.733192,-1.169931,10,0.7693421,1,27,32
2,0.6799999,-5.733192,-1.148756,10,0.6734353,1,27,32
2,0.6999999,-5.727898,-1.079936,10,0.5718243,1,27,32
2,0.7199998,-5.706723,-0.9952354,10,0.4761356,1,27,32
2,0.7399998,-5.622023,-0.7834834,10,0.4112517,1,27,32
2,0.7599998,-5.532027,-0.629963,10,0.3734808,1,27,32
2,0.7799998,-5.34145,-0.3864479,10,0.4970334,1,27,32
2,0.7999998,-5.182636,-0.2223399,10,0.6006009,1,27,32
2,0.8199998,-4.933827,0,10,0.8463383,1,27,32
2,0.8399997,-4.764426,0.1164639,10,0.9910837,1,27,32
2,0.8599997,-4.499735,0.2541029,10,1.230262,1,27,32
2,0.8799997,-4.319746,0.3123343,10,1.37206,1,27,32
2,0.8999997,-4.076231,0.3546852,10,1.541388,1,27,32
2,0.9199997,-3.938592,0.3705662,10,0,1,27,32
2,0.9399996,-3.790365,0.3758603,10,1.711667,1,27,32
2,0.9599996,-3.72684,0.3705662,10,1.73454,1,27,32
2,0.9799996,-3.673902,0.3388035,10,1.717181,1,27,32
2,0.9999996,-3.636845,0.2964532,10,1.661661,1,27,32
2,1.02,-3.594495,0.2064586,10,1.534992,1,27,32
2,1.04,-3.54685,0.1005822,10,1.359685,1,27,32
2,1.06,-3.478031,-0.105876,10,1.067421,1,27,32
2,1.08,-3.435681,-0.269984,10,0.7859468,1,27,32
2,1.1,-3.366861,-0.5134991,10,0.5126054,1,27,32
2,1.12,-3.319217,-0.6776071,10,0.477966,1,27,32
2,1.14,-3.229222,-0.9264162,10,0,1,27,32
2,1.159999,-3.165696,-1.08523,10,0,1,27,32
2,1.179999,-3.065114,-1.286395,10,0,1,27,32
2,1.199999,-3.001589,-1.392271,10,0,1,27,32
2,1.219999,-2.916887,-1.514028,10,0,1,27,32
2,1.239999,-2.879831,-1.551085,10,0,1,27,32
2,1.259999,-2.842774,-1.582848,10,0,1,27,32
2,1.279999,-2.821599,-1.593435,10,0,1,27,32
2,1.299999,-2.805718,-1.604023,10,0,1,27,32
2,1.319999,-2.800424,-1.604023,10,0,1,27,32
2,1.339999,-2.79513,-1.604023,10,0,1,27,32
2,1.359999,-2.789836,-1.604023,10,0,1,27,32
2,1.379999,-2.758073,-1.540497,10,0,1,27,32
2,1.399999,-2.721017,-1.455797,10,0,1,27,32
2,1.419999,-2.631021,-1.244044,10,0,1,27,32
2,1.439999,-2.525146,-1.04288,10,0,1,27,32
2,1.459999,-2.366332,-0.7834834,10,0,1,27,32
2,1.479999,-2.260455,-0.6511381,10,1.512134,1,27,32
2,1.499999,-2.101641,-0.4817364,10,1.646523,1,27,32
2,1.519999,-1.985177,-0.3811541,10,0,1,27,32
2,1.539999,-1.826363,-0.2858657,10,1.894055,1,27,32
2,1.559999,-1.699312,-0.2541026,10,0,1,27,32
2,1.579999,-1.487559,-0.2382213,10,2.22531,1,27,32
2,1.599999,-1.349921,-0.2382213,10,2.353832,1,27,32
2,1.619999,-1.122286,-0.301747,10,2.561622,1,27,32
2,1.639999,-0.9422977,-0.3652728,10,2.695748,1,27,32
2,1.659999,-0.6829009,-0.5029115,10,2.891587,1,27,32
2,1.679999,-0.4976181,-0.6087878,10,2.977139,1,27,32
2,1.699999,-0.2117521,-0.8046585,10,3.142116,1,27,32
2,1.719999,-0.03705668,-0.9370035,10,3.156306,1,27,32
2,1.739999,0.2382213,-1.111699,10,3.248129,1,27,32
2,1.759999,0.4129167,-1.212281,10,3.210072,1,27,32
2,1.779999,0.6670191,-1.328745,10,3.235429,1,27,32
2,1.799999,0.831127,-1.37639,10,3.157258,1,27,32
2,1.819999,1.04288,-1.397564,10,3.125429,1,27,32
2,1.839999,1.164638,-1.402858,10,3.003547,1,27,32
2,1.859999,1.334039,-1.360508,10,2.938907,1,27,32
2,1.879999,1.424034,-1.30757,10,2.806293,1,27,32
2,1.899999,1.588142,-1.185813,10,2.771939,1,27,32
2,1.919999,1.694018,-1.079936,10,2.679442,1,27,32
2,1.939999,1.858126,-0.8893594,10,2.673393,1,27,32
2,1.959999,1.948121,-0.7570142,10,2.57864,1,27,32
2,1.979999,2.048703,-0.571731,10,2.521183,1,27,32
2,1.999999,2.10164,-0.4605612,10,2.403301,1,27,32
2,2.019999,2.191636,-0.269984,10,2.374671,1,27,32
2,2.039999,2.244574,-0.1588142,10,2.313114,1,27,32
2,2.059999,2.313393,-0.005293787,10,2.312744,1,27,32
2,2.079999,2.350451,0.09528875,10,2.283828,1,27,32
2,2.099999,2.3928,0.2382213,10,2.285769,1,27,32
2,2.119999,2.408681,0.3176284,10,2.249289,1,27,32
2,2.139999,2.424564,0.3917414,10,2.204582,1,27,32
2,2.159999,2.429858,0.4076231,10,2.114953,1,27,32
2,2.179999,2.429858,0.4129171,10,2.00771,1,27,32
2,2.199999,2.429858,0.4129171,10,1.87857,1,27,32
2,2.219999,2.429858,0.4129171,10,1.724835,1,27,32
2,2.239999,2.429858,0.4129171,10,1.553382,1,27,32
2,2.259999,2.429858,0.4129171,10,1.373963,1,27,32
2,2.279999,2.429858,0.4129171,10,1.190337,1,27,32
2,2.299999,2.429858,0.4129171,10,1.021097,1,27,32
2,2.319999,2.429858,0.4129171,10,0.8749864,1,27,32
2,2.339998,2.429858,0.4129171,10,0.7515257,1,27,32
2,2.359998,2.429858,0.4129171,10,0.6577027,1,27,32
2,2.379998,2.429858,0.4129171,10,0.6006878,1,27,32
2,2.399998,2.429858,0.4129171,10,0.5783612,1,27,32
2,2.419998,2.429858,0.4129171,10,0,1,27,32
2,2.439998,2.429858,0.4129171,10,0,1,27,32
2,2.459998,2.429858,0.4129171,10,0,1,27,32
2,2.479998,2.429858,0.4129171,10,0,1,27,32
2,2.499998,2.429858,0.4129171,10,0,1,27,32
2,2.519998,2.429858,0.4129171,10,0,1,27,32
2,2.539998,2.429858,0.4129171,10,0,1,27,32
2,0.02,-7.946003,0.2593964,10,0.07523134,2,27,5
2,0.04,-7.87189,0.3070408,10,0.1235075,2,27,5
2,0.06,-7.744839,0.3758603,10,0.2244171,2,27,5
2,0.08,-7.660138,0.4129171,10,0.2626162,2,27,5
2,0.09999999,-7.559555,0.465855,10,0.3658301,2,27,5
2,0.12,-7.522499,0.4817367,10,0.4026537,2,27,5
2,0.14,-7.49603,0.4870301,10,0.3779058,2,27,5
2,0.16,-7.480148,0.4870301,10,0.3463213,2,27,5
2,0.18,-7.45368,0.4870301,10,0.3460827,2,27,5
2,0.2,-7.421916,0.4870301,10,0,2,27,5
2,0.22,-7.374272,0.4711485,10,0,2,27,5
2,0.24,-7.321334,0.4446799,10,0,2,27,5
2,0.26,-7.268396,0.4182106,10,0.4080136,2,27,5
2,0.28,-7.236633,0.3917414,10,0,2,27,5
2,0.3,-7.204871,0.3652728,10,0,2,27,5
2,0.32,-7.178401,0.3388035,10,0,2,27,5
2,0.34,-7.157226,0.3123343,10,0,2,27,5
2,0.36,-7.141345,0.2805716,10,0,2,27,5
2,0.38,-7.12017,0.2382213,10,0.4273252,2,27,5
2,0.4,-7.104288,0.2011645,10,0,2,27,5
2,0.42,-7.083113,0.137639,10,0,2,27,5
2,0.4400001,-7.067232,0.09528875,10,0,2,27,5
2,0.4600001,-7.040763,0,10,0.3984517,2,27,5
2,0.4800001,-7.030175,-0.06352574,10,0,2,27,5
2,0.5000001,-7.019588,-0.1323453,10,0,2,27,5
2,0.52,-7.014293,-0.1746956,10,0.3823271,2,27,5
2,0.54,-7.008999,-0.2064586,10,0,2,27,5
2,0.56,-6.998412,-0.2329275,10,0,2,27,5
2,0.58,-6.993118,-0.2646902,10,0,2,27,5
2,0.6,-6.993118,-0.3070408,10,0,2,27,5
2,0.6199999,-6.987824,-0.3546849,10,0,2,27,5
2,0.6399999,-6.982531,-0.4023293,10,0,2,27,5
2,0.6599999,-6.982531,-0.465855,10,0.3280626,2,27,5
2,0.6799999,-6.982531,-0.524087,10,0,2,27,5
2,0.6999999,-6.977237,-0.603494,10,0,2,27,5
2,0.7199998,-6.971943,-0.6670195,10,0,2,27,5
2,0.7399998,-6.96665,-0.7464266,10,0.2689539,2,27,5
2,0.7599998,-6.961356,-0.8046585,10,0,2,27,5
2,0.7799998,-6.956061,-0.8628905,10,0,2,27,5
2,0.7999998,-6.950768,-0.9105346,10,0,2,27,5
2,0.8199998,-6.945474,-0.9422973,10,0.2512134,2,27,5
2,0.8399997,-6.94018,-1.000529,10,0,2,27,5
2,0.8599997,-6.934886,-1.053467,10,0,2,27,5
2,0.8799997,-6.924298,-1.090524,10,0,2,27,5
2,0.8999997,-6.919005,-1.132874,10,0.2217079,2,27,5
2,0.9199997,-6.913711,-1.15405,10,0,2,27,5
2,0.9399996,-6.908417,-1.180519,10,0,2,27,5
2,0.9599996,-6.908417,-1.201694,10,0,2,27,5
2,0.9799996,-6.903124,-1.228163,10,0,2,27,5
2,0.9999996,-6.903124,-1.23875,10,0,2,27,5
2,1.02,-6.89783,-1.249338,10,0,2,27,5
2,1.04,-6.89783,-1.254632,10,0,2,27,5
2,1.06,-6.89783,-1.259926,10,0,2,27,5
2,1.08,-6.89783,-1.259926,10,0,2,27,5
2,1.1,-6.89783,-1.259926,10,0,2,27,5
2,1.12,-6.89783,-1.259926,10,0,2,27,5
2,1.14,-6.89783,-1.259926,10,0,2,27,5
2,1.159999,-6.89783,-1.259926,10,0,2,27,5
2,1.179999,-6.89783,-1.259926,10,0,2,27,5
2,1.199999,-6.89783,-1.259926,10,0,2,27,5
2,1.219999,-6.89783,-1.259926,10,0,2,27,5
2,1.239999,-6.89783,-1.259926,10,0,2,27,5
2,1.259999,-6.89783,-1.259926,10,0,2,27,5
2,1.279999,-6.89783,-1.259926,10,0,2,27,5
2,1.299999,-6.89783,-1.259926,10,0,2,27,5
2,1.319999,-6.89783,-1.259926,10,0,2,27,5
2,1.339999,-6.89783,-1.259926,10,0,2,27,5
2,1.359999,-6.89783,-1.259926,10,0,2,27,5
2,1.379999,-6.89783,-1.259926,10,0,2,27,5
2,1.399999,-6.89783,-1.259926,10,0,2,27,5
2,1.419999,-6.89783,-1.259926,10,0.1561154,2,27,5
2,1.439999,-6.89783,-1.259926,10,0,2,27,5
2,1.459999,-6.89783,-1.259926,10,0,2,27,5
2,1.479999,-6.89783,-1.259926,10,0,2,27,5
2,1.499999,-6.89783,-1.259926,10,0,2,27,5
2,1.519999,-6.89783,-1.259926,10,0,2,27,5
2,1.539999,-6.89783,-1.259926,10,0,2,27,5
2,1.559999,-6.89783,-1.259926,10,0,2,27,5
2,1.579999,-6.89783,-1.259926,10,0,2,27,5
2,1.599999,-6.89783,-1.259926,10,0,2,27,5
2,1.619999,-6.89783,-1.259926,10,0,2,27,5
2,1.639999,-6.89783,-1.259926,10,0,2,27,5
2,1.659999,-6.89783,-1.259926,10,0,2,27,5
2,1.679999,-6.89783,-1.259926,10,0,2,27,5
2,1.699999,-6.89783,-1.259926,10,0,2,27,5
2,1.719999,-6.89783,-1.259926,10,0,2,27,5
2,1.739999,-6.89783,-1.259926,10,0,2,27,5
2,1.759999,-6.89783,-1.259926,10,0,2,27,5
2,1.779999,-6.89783,-1.259926,10,0,2,27,5
2,1.799999,-6.89783,-1.259926,10,0,2,27,5
2,1.819999,-6.89783,-1.259926,10,0,2,27,5
2,1.839999,-6.89783,-1.259926,10,0,2,27,5
2,1.859999,-6.89783,-1.259926,10,0,2,27,5
2,1.879999,-6.89783,-1.259926,10,0,2,27,5
2,1.899999,-6.89783,-1.259926,10,0,2,27,5
2,1.919999,-6.89783,-1.259926,10,0,2,27,5
2,1.939999,-6.89783,-1.259926,10,0,2,27,5
2,1.959999,-6.89783,-1.259926,10,0,2,27,5
2,1.979999,-6.89783,-1.259926,10,0,2,27,5
2,1.999999,-6.89783,-1.259926,10,0,2,27,5
2,2.019999,-6.89783,-1.259926,10,0,2,27,5
2,2.039999,-6.89783,-1.259926,10,0,2,27,5
2,2.059999,-6.89783,-1.259926,10,0,2,27,5
2,2.079999,-6.89783,-1.259926,10,0,2,27,5
2,2.099999,-6.89783,-1.259926,10,0,2,27,5
2,2.119999,-6.89783,-1.259926,10,0,2,27,5
2,2.139999,-6.89783,-1.259926,10,0,2,27,5
2,2.159999,-6.89783,-1.259926,10,0,2,27,5
2,2.179999,-6.89783,-1.259926,10,0,2,27,5
2,2.199999,-6.89783,-1.259926,10,0,2,27,5
2,2.219999,-6.89783,-1.259926,10,0,2,27,5
2,2.239999,-6.89783,-1.259926,10,0,2,27,5
2,2.259999,-6.89783,-1.259926,10,0,2,27,5
2,2.279999,-6.89783,-1.259926,10,0,2,27,5
2,2.299999,-6.89783,-1.259926,10,0,2,27,5
2,2.319999,-6.89783,-1.259926,10,0,2,27,5
2,2.339998,-6.89783,-1.259926,10,0,2,27,5
2,2.359998,-6.89783,-1.259926,10,0,2,27,5
2,2.379998,-6.89783,-1.259926,10,0,2,27,5
2,2.399998,-6.89783,-1.259926,10,0,2,27,5
2,2.419998,-6.89783,-1.259926,10,0,2,27,5
